dia,dia_semana,feriado,laborable,temp_min,temp_max,cant_socios,prom_edad_soc,consultas_guardia,total_cursos,internaciones,prom_t_internacion_min,mediana_t_internacion_min,sum_reclamos,sum_cambios_color,sum_rechazos_internacion,cant_rojo,cant_amarillo,cant_visitas,cant_moli_medico_on_line,prom_arribo_min_rojo,prom_arribo_min_amarillo,prom_arribo_min_visitas,prom_arribo_min_moli_medico_on_line,med_arribo_min_rojo,med_arribo_min_amarillo,med_arribo_min_visitas,med_arribo_min_moli_medico_on_line
2022-01-01,7,1,0,20,"27,5",104384,36,303,209,14,"9,484198333","7,7147",9,11,0,8,26,10,152,"26,79375","115,4346154","178,115","29,32620614","16,85833333","61,675","105,1583333","24,95"
2022-01-02,1,0,0,"19,2","30,3",104384,36,397,307,17,"27,14162308","19,69021667",9,15,1,10,27,10,241,"69,92833333","159,6981481","147,705","40,58201936","33,71666667","62,75","143,55","31,41666667"
2022-01-03,2,0,1,"24,1","32,6",104384,36,540,670,29,"2426,217325","9,551691667",45,8,16,7,42,22,557,"32,06190476","142,0301587","144,7227273","56,14847397","27,11666667","39,38333333","84,025","52,98333333"
2022-01-04,3,0,1,"23,8","31,7",104384,36,595,575,23,"2638,995261","20,21958333",40,12,2,15,32,23,480,"129,4744444","133,3067708","215,7398551","47,74052083","46,13333333","75,65","122,6833333","38,24166667"
2022-01-05,4,0,1,"16,7","25,1",104384,36,536,627,21,"30,37453333","8,651666667",36,8,9,14,32,15,540,"47,9047619","117,3734375","344,2966667","58,45777778","23,63333333","64,3","160,1166667","47,5"
2022-01-06,5,0,1,"18,8","26,6",104384,36,528,514,24,"2800,009127","10,02478333",36,57,3,18,28,10,399,"27,11944444","154,2892857","187,7466667","55,21023392","16,05833333","51,43333333","64,86666667","46,58333333"
2022-01-07,6,0,1,"20,6","27,1",104384,36,498,520,21,"21,85220952","12,330475",30,152,15,15,44,13,316,"25,75555556","161,2829545","332,074359","52,61787975","22,41666667","73,075","261,7333333","42,31666667"
2022-01-08,7,0,0,"21,8","27,9",104384,36,439,429,27,"-13699,25637","14,97345",24,93,33,25,43,16,258,"93,94466667","103,2627907","247,4552083","72,29328165","40,3",66,"151,1583333","66,78333333"
2022-01-09,1,0,0,"20,9","29,8",104384,36,436,411,12,"8370,15161","11,96896667",10,109,4,12,24,20,263,"31,25694444","94,54236111","386,8691667","82,11204056","25,68333333","44,73333333","261,6583333","69,05"
2022-01-10,2,0,1,"23,1","31,6",104384,36,516,533,23,"19,61238889","18,788275",27,133,54,13,31,14,355,"49,19487179","138,9","416,9035714","72,70568075",34,"78,33333333","286,0666667","53,05"
2022-01-11,3,0,1,"24,8",36,104384,36,444,573,24,"90,87058021","31,59905833",41,151,70,13,26,9,394,"75,57692308","101,0429487","63,41111111","92,98350254","47,93333333","47,2","41,03333333","52,35"
2022-01-12,4,0,1,22,"32,7",104384,36,473,574,27,"61,66664815","22,83703333",30,150,53,14,33,12,370,"240,3190476","318,439899","645,0180556","70,00509009","46,225",91,"554,2583333","63,46666667"
2022-01-13,5,0,1,"22,8","32,9",104384,36,480,514,24,"26,25094123","22,57483333",24,81,36,24,35,13,327,"100,5833333","69,35","380,2923077","101,1620285","31,24166667","44,16666667","199,9833333",62
2022-01-14,6,0,1,"25,4",37,104384,36,490,501,41,"48,52421552","16,95056667",28,106,29,20,30,16,318,"48,90083333","94,73444444","218,0885417","61,01530398","28,76666667","67,76666667","146,7416667","51,78333333"
2022-01-15,7,0,0,"28,3","35,6",104384,36,364,457,17,"13,65554111","8,189216667",15,49,20,14,31,14,338,"69,7547619","79,62419355","318,0392857","65,05310651","25,15833333","48,31666667","203,875","54,68333333"
2022-01-16,1,0,0,"22,9","32,4",104384,36,430,376,30,"191,6201242","31,68560833",39,54,51,10,29,4,275,"140,9366667","147,4597701","682,7125","63,11672727","147,7583333","100,2166667","654,075","56,16666667"
2022-01-17,2,0,1,"20,9","29,4",104384,36,551,542,27,"301,307952","28,25888333",57,100,66,7,30,18,371,"23,42380952","112,4183333","354,7435185","62,92628032","22,86666667","66,4","201,7166667","54,51666667"
2022-01-18,3,0,1,"22,8","24,6",104384,36,467,474,26,"37,98215938","30,52664167",16,56,95,20,20,10,337,"58,16583333","125,7208333","224,78","63,26167161","24,075","41,45833333","153,9","59,05"
2022-01-19,4,0,1,"21,1","26,7",104384,36,475,464,22,"303,6342917","40,32133333",26,57,103,19,30,12,335,"45,80964912","83,13333333","229,3902778","61,979801","23,38333333","56,18333333","212,35","54,28333333"
2022-01-20,5,0,1,"23,3","28,6",104384,36,462,395,16,"96,19209722","26,90133333",27,44,54,11,25,10,289,"35,7530303","343,188","176,6266667","59,57035755",27,"96,13333333","137,2416667","55,6"
2022-01-21,6,0,1,"24,8","29,3",104384,36,411,381,19,"181,6506727","34,23111667",29,37,67,14,28,16,273,"242,8357143","77,70178571","184,3291667","65,99310134","32,19166667","47,8","117,3916667","58,95"
2022-01-22,7,0,0,"20,8","28,6",104384,36,349,286,30,"19,98016053","14,60721667",17,24,11,17,22,13,204,"30,65196078","139,8","181,5730769","43,28431373","20,41666667","71,38333333","156,0166667","27,06666667"
2022-01-23,1,0,0,"21,1","27,4",104384,36,316,287,30,"12,77518116","11,1705",16,31,14,17,24,8,195,"59,58921569","78,64861111","496,1145833","45,64615385",23,"48,43333333","405,0333333","36,61666667"
2022-01-24,2,0,1,"22,3","28,8",104384,36,460,355,33,"60,408425","25,04219167",20,43,65,10,31,13,239,"60,835","88,0327957","134,7705128","41,68291492","38,96666667","64,53333333","87,33333333","38,8"
2022-01-25,3,0,1,"25,3","29,7",104384,36,373,316,20,"282,88875","10,122525",22,41,56,9,26,14,214,"77,52777778","170,4442308","225,1166667","49,66853583",73,"70,05","163,4166667","39,6"
2022-01-26,4,0,1,"21,2","28,3",104384,36,356,283,22,"58,13721471","21,51816667",15,37,20,14,21,14,196,"46,4202381","149,1619048","232,4166667","42,88767007","33,73333333","75,23333333","139,75","38,00833333"
2022-01-27,5,0,1,"14,8","24,1",104384,36,353,246,26,"25,41666228","20,30173333",8,19,41,16,23,6,151,"19,97395833","81,7","131,6555556","42,96721854",22,40,"70,1",39
2022-01-28,6,0,1,"16,5","23,8",104384,36,349,212,23,"64,59366078","24,54326667",12,20,56,12,24,8,131,"27,11805556","223,5555556","156,46875","46,88473282","20,5","41,075","100,0166667","36,98333333"
2022-01-29,7,0,0,"20,8","27,3",104384,36,286,182,26,"13,49453452","10,3215",8,18,12,12,17,13,118,"33,48611111","129,2911765","180,1666667","23,39279661",22,39,"96,48333333","18,59166667"
2022-01-30,1,0,0,"21,8","28,6",104384,36,295,157,18,"19,01181944","14,79658333",9,20,1,8,23,7,107,"17,02916667","58,46884058","474,7880952","31,21993769","15,825","53,51666667",369,"23,33333333"
2022-01-31,2,0,1,"18,1","27,5",104384,36,372,233,23,"19,15060778","19,72878333",17,35,25,8,20,9,153,"38,22083333","52,02666667","228,0851852","38,68333333","38,13333333",41,"236,1","33,55"
2022-02-01,3,0,1,"18,8","26,8",105171,36,353,232,26,"32,55717917","30,34935833",16,18,37,11,24,22,137,"40,56212121","57,79097222","146,8128788","39,55328467","29,55","45,375","102,1833333","33,1"
2022-02-02,4,0,1,"22,8","30,3",105171,36,339,213,21,"18036,79079","18,17249167",15,15,25,9,17,16,135,"55,28333333","65,74313725","155,2052083","39,32469136","25,35","38,93333333","126,325","28,28333333"
2022-02-03,5,0,1,"19,8","27,6",105171,36,316,164,14,"29,52795238","24,75769167",10,12,44,9,18,13,86,"168,1203704","35,45462963","231,1205128","23,5748062","17,3",33,"137,3833333","20,9"
2022-02-04,6,0,1,"20,6","26,1",105171,36,321,154,17,"2483,439848","19,94521667",14,20,45,12,19,7,83,"27,94027778","52,65438596","147,8547619","39,70783133","16,79166667","37,01666667","109,4833333","31,28333333"
2022-02-05,7,0,0,"18,2","24,1",105171,36,257,118,16,"33,71471167","19,77461667",5,10,22,6,11,18,69,"22,53055556","35,73787879","139,6907407","28,18937198","22,99166667","32,2","117,8","17,61666667"
2022-02-06,1,0,0,"14,2","22,6",105171,36,225,112,18,"5828,822632","12,67771667",3,7,23,8,19,6,59,"24,92291667","27,69035088","384,3166667","29,01723164","20,24166667","25,81666667","389,55","12,1"
2022-02-07,2,0,1,16,"25,3",105171,36,366,156,17,"79,66854804","11,09378333",19,15,28,12,23,16,73,"29,31388889","52,48695652","137,921875","28,19954338","22,33333333",46,"138,6583333","19,4"
2022-02-08,3,0,1,"17,8","23,8",105171,36,308,162,24,"8266,366956","32,3412",24,14,73,12,21,22,70,"137,6722222","109,8936508","97,35757576","25,80261905","17,95833333","39,68333333","65,79166667","17,63333333"
2022-02-09,4,0,1,"18,9","26,5",105171,36,304,165,22,"28,43247353","16,77778333",3,9,35,9,29,15,84,"14,48888889","81,44885057","91,87666667","20,60793651",14,27,60,"17,18333333"
2022-02-10,5,0,1,"20,9","28,2",105171,36,309,142,21,"18,57784167","12,434225",9,24,18,5,27,16,62,"32,89","49,91111111","138,48125","14,43548387","22,98333333","35,81666667","51,6","5,475"
2022-02-11,6,0,1,"18,2","29,5",105171,36,278,136,21,"3255,498173","19,47916667",17,7,23,11,18,12,65,"20,8030303","123,2435185","292,2055556","17,36230769",22,"44,625","183,175","14,03333333"
2022-02-12,7,0,0,"13,9","22,7",105171,36,268,111,20,"31,34860417","14,93119167",6,9,1,11,24,9,49,"23,38484848","90,08819444","114,0925926","19,53945578","19,85","26,625","126,7666667","13,9"
2022-02-13,1,0,0,"12,8","27,6",105171,36,245,106,19,"133,4682833","17,67321667",11,6,29,8,14,10,54,"18,14375","129,9333333","73,17666667","20,04228395","15,6","25,38333333","62,28333333","10,8"
2022-02-14,2,0,1,"18,8","29,1",105171,36,370,174,28,"133,2320983","15,66461667",10,9,58,8,33,22,71,"43,75416667","38,28434343","164,2689394","42,03568075","30,65833333",36,"116,55","30,73333333"
2022-02-15,3,0,1,"20,9","30,1",105171,36,353,152,17,"16,69220303","9,484283333",15,9,23,6,19,18,82,"16,84722222","114,8491228","117,05","37,71544715","15,025","43,48333333","103,9416667","28,55"
2022-02-16,4,0,1,"23,3","31,8",105171,36,331,181,22,"244,4559111","18,53371667",34,14,42,6,22,22,98,"29,45555556","47,45606061","287,0280303","30,83605442","29,2","37,11666667","198,8166667","20,925"
2022-02-17,5,0,1,"18,5","29,9",105171,36,304,160,32,"19,82659667","14,49986667",16,13,16,6,23,11,74,"32,11944444","44,60144928","138,2969697","32,91711712","36,5",37,"76,95","23,69166667"
2022-02-18,6,0,1,"17,4","25,4",105171,36,330,145,26,"117,5963981","19,56964167",19,15,36,13,21,8,68,"20,21153846","66,24365079","561,5104167","47,25294118","20,96666667","57,15","689,4916667","33,05"
2022-02-19,7,0,0,"21,3","27,1",105171,36,309,126,19,"10,09315714","8,0898",5,7,0,9,17,16,69,"331,9444444","24,79117647","153,559375","21,61231884",26,26,"138,6","11,05"
2022-02-20,1,0,0,"18,4","23,9",105171,36,233,102,26,"20,9955381","14,86055833",7,11,4,10,19,10,42,"16,31166667","28,51929825","119,8716667",21,12,25,"84,675","15,00833333"
2022-02-21,2,0,1,"17,8","27,3",105171,36,382,140,15,"130,4949045","15,14511667",3,11,26,5,22,14,73,"29,6","58,14545455","176,2345238","49,56118721",28,"45,75833333","140,4333333","43,56666667"
2022-02-22,3,0,1,"17,6","25,3",105171,36,347,143,33,"28,29050175","20,42721667",7,4,7,10,16,9,73,"19,82333333","53,3125","139,9851852","41,8847032","12,15833333","31,98333333","130,6166667","33,88333333"
2022-02-23,4,0,1,"18,3",25,105171,36,357,146,22,"4332,899237","12,48388333",13,3,19,8,19,17,75,"23,80625","99,7","143,1166667","45,27911111","24,55833333","27,03333333","157,3333333","35,68333333"
2022-02-24,5,0,1,"20,4","24,4",105171,36,318,129,22,"218,1306905","19,32288333",7,16,9,11,23,10,52,"15,91515152","108,8478261","164,3166667","36,10544872","16,63333333","33,76666667","151,4083333","28,91666667"
2022-02-25,6,0,1,"17,6","27,7",105171,36,301,133,30,"33,89652407","17,80696667",28,9,16,7,19,15,62,"13,53333333","58,81052632","297,5055556","46,94032258",11,"50,31666667","291,6666667","38,33333333"
2022-02-26,7,0,0,"22,8","25,6",105171,36,262,104,21,"16,68182778","15,05364167",3,7,3,12,17,10,46,"21,59444444","35,9245098","164,7166667","13,43876812","18,38333333","29,38333333","157,8166667","9,483333333"
2022-02-27,1,0,0,"21,8","25,1",105171,36,288,106,16,"426,5677429","18,47411667",4,11,8,11,13,7,60,"16,44848485","36,18974359","125,65","20,99916667",16,30,93,"8,516666667"
2022-02-28,2,1,0,"20,3","29,2",105171,36,312,107,20,"31,85631806","20,04053333",4,14,6,8,13,15,54,"19,65833333","149,6384615","142,7577778","12,33179012","16,35","32,25","76,71666667","9,9"
2022-03-01,3,1,0,"16,8","25,1",105459,36,329,151,27,"5667,725589","9,264433333",11,7,24,11,20,18,78,"41,11666667","53,415","145,2592593","22,79444444",14,"32,475","161,1","17,6"
2022-03-02,4,0,1,"18,9","31,1",105459,36,451,181,20,"5661,806682","27,108475",12,20,20,8,27,14,107,"44,35416667","113,7567901","154,7261905","42,54190031","19,88333333",45,"67,74166667","39,38333333"
2022-03-03,5,0,1,19,"26,6",105459,36,438,183,18,"21,42657396","18,95355",16,14,21,10,26,15,106,"39,01333333","61,59871795","169,9433333","45,5331761","35,85","42,31666667","153,8166667","41,65833333"
2022-03-04,6,0,1,"21,5","26,1",105459,36,385,173,14,"13,76349167","11,417025",27,22,12,9,28,22,91,"29,98148148","119,889881","209,5409091","43,75915751","25,8","68,425","105,9416667","35,18333333"
2022-03-05,7,0,0,"22,3","25,1",105459,36,329,145,19,"18,2097631","8,630058333",6,18,9,17,20,21,67,"18,9","114,5916667","137,3452381","19,14228856","16,15","29,70833333",107,"10,63333333"
2022-03-06,1,0,0,"20,8","25,5",105459,36,359,148,23,"2722,032073","5,003441667",9,17,0,9,20,13,86,"18,8462963","169,2825","187,6910256","54,40794574",16,"35,39166667","141,6833333","27,15"
2022-03-07,2,0,1,"16,3",27,105459,36,438,227,26,"41,5372475","14,09871667",23,16,42,16,29,23,131,"28,22395833","147,9626437","143,0413043","19,04211196","22,68333333","49,88333333","105,2833333","9,25"
2022-03-08,3,0,1,"18,1","26,1",105459,36,425,191,17,"6307,619276","13,29166667",20,15,28,5,23,25,110,"26,87666667","142,0717391","148,5193333","29,82181818","11,4",76,"91,51666667","21,55"
2022-03-09,4,0,1,"18,5","24,1",105459,36,404,219,32,"25,9679825","13,299",12,12,30,13,22,20,122,"133,4448718","58,18484848","209,3916667","38,21762295",22,"39,5","152,5666667","30,15833333"
2022-03-10,5,0,1,"17,3","23,6",105459,36,405,187,20,"61,98330208","21,21369167",20,19,61,11,22,22,108,"27,98636364","123,044697","190,3121212","11,79830247",25,"56,975","140,4416667","3,733333333"
2022-03-11,6,0,1,"15,7","24,5",105459,36,417,167,17,"-48389,54059","8,25255",24,10,46,7,18,28,89,"20,68095238","66,54722222","223,314881","37,49644195","22,53333333","59,33333333","135,575","24,75"
2022-03-12,7,0,0,"15,1","22,7",105459,36,332,159,14,"15,96552857","7,31595",10,15,4,8,22,19,95,"56,79166667","119,4060606","152,6473684","37,82350877","23,375","52,06666667","112,3","23,85"
2022-03-13,1,0,0,"15,9","23,1",105459,36,375,151,18,"16,41934242","12,40311667",6,15,9,3,24,13,93,"12,18333333","52,09097222","292,7846154","35,93405018","8,8","38,78333333","240,25","29,31666667"
2022-03-14,2,0,1,"15,8","25,9",105459,36,482,266,27,"21,11029127","14,06673333",33,32,27,12,26,50,151,"49,99166667","100,8339744","215,4476667","49,14216336","33,90833333","58,675","136,4583333","39,06666667"
2022-03-15,3,0,1,19,"29,1",105459,36,482,271,24,"17,36350093","11,45375",29,25,18,17,21,50,150,"28,3127451","106,097619","195,818","58,96466667",19,"40,93333333","163,0416667","52,95833333"
2022-03-16,4,0,1,"19,8","27,6",105459,36,483,210,15,"43,27722273","24,56488333",19,15,64,7,16,48,116,"223,2857143","134,7385417","260,0635417","43,71982759","18,21666667","49,08333333","200,775","31,8"
2022-03-17,5,0,1,"21,3","28,6",105459,36,433,221,22,"23,33930119","14,26505833",14,27,60,11,36,22,125,"63,59090909","104,8217593","246,5909091","42,12213333","25,25",47,"167,125","28,86666667"
2022-03-18,6,0,1,"14,3","26,1",105459,36,352,176,23,"285,5391352","17,77611667",20,17,63,13,22,22,92,"52,81666667","61,50454545","352,5977273","57,51050725","35,66666667","49,275","312,375","35,94166667"
2022-03-19,7,0,0,"11,4","18,9",105459,36,311,138,26,"10,83307778","5,935833333",2,14,5,11,25,11,70,"38,2030303","87,84466667","215,6348485","11,8647619",17,31,213,"9,916666667"
2022-03-20,1,0,0,13,"20,6",105459,36,345,166,28,"12,18097667","4,682666667",6,14,10,9,17,31,88,"40,13888889","28,64803922","149,7650538","20,87253788",10,22,"70,58333333","7,291666667"
2022-03-21,2,0,1,"15,3","22,5",105459,36,455,258,36,"19,71195139","12,19374167",30,16,46,21,31,37,140,"36,54603175","68,05376344","388,5477477","55,10964286","34,68333333","61,61666667","222,7166667","45,05"
2022-03-22,3,0,1,"18,3","22,8",105459,36,486,210,15,"23,44925357","19,16280833",8,12,25,9,33,36,111,"35,79259259","41,50757576","242,9925926","38,16831832","14,63333333",37,"194,65","31,66666667"
2022-03-23,4,0,1,"19,8","24,3",105459,36,414,211,37,"145,697026","20,30621667",23,15,61,17,24,35,100,"23,14803922","52,12291667","231,4157143","47,01983333",17,"41,36666667","209,1666667","38,68333333"
2022-03-24,5,1,0,"11,3","22,7",105459,36,300,153,21,"296,4969857","28,49075833",8,10,13,8,12,26,88,"31,50833333","59,69166667","121,3634615","32,88882576","22,59166667","29,78333333","112,6416667","27,11666667"
2022-03-25,6,0,1,"10,1","21,5",105459,36,424,203,32,"10,90497982","7,205266667",20,18,5,10,26,31,102,"34,65333333","82,88589744","231,583871","48,00555556","25,175","46,5","230,2333333","35,45"
2022-03-26,7,0,0,"16,7","24,3",105459,36,354,189,24,"13,37692778","12,04795",5,17,3,9,27,27,106,"21,65740741","43,59135802","180,7265432","32,13097484",20,"44,23333333","94,23333333","19,60833333"
2022-03-27,1,0,0,14,"28,6",105459,36,365,159,30,"18,15479298","15,22728333",14,13,6,7,24,18,85,"216,9809524","109,3291667","232,8305556","33,67960784","20,01666667","35,19166667","234,4833333","25,36666667"
2022-03-28,2,0,1,"16,7","25,5",105459,36,577,284,41,"18,30114933","13,31628333",28,29,59,10,39,42,152,"22,47833333","118,1623932","211,3115079","66,58333333","21,39166667",44,"196,2583333","60,71666667"
2022-03-29,3,0,1,"19,2","28,7",105459,36,429,250,28,"73,54805635","18,00973333",39,31,65,14,29,40,135,"18,86666667","53,82471264","216,0229167","52,29938272","17,15","50,38333333","184,3083333","43,6"
2022-03-30,4,0,1,"9,5","19,7",105459,36,381,231,27,"25,55839479","15,04296667",18,25,29,15,30,28,130,"26,41333333","141,2055556","181,2916667","41,08871795","19,66666667","45,39166667","131,1416667","34,425"
2022-03-31,5,0,1,"9,3","20,1",105459,36,384,215,38,"19,20146288","15,81733333",26,15,44,15,27,31,101,"26,01666667","58,95493827","223,0489247","25,180033",18,"45,8","152,3333333","13,51666667"
2022-04-01,6,0,1,"11,1",19,105722,36,360,172,22,"3102,925067","11,49034167",12,20,15,11,28,27,89,"22,38333333","228,2386905","172,4660494","33,04719101",18,"81,15","130,7166667","23,45"
2022-04-02,7,1,0,"14,7","21,6",105722,36,326,145,23,"9,220711538","9,30795",10,8,2,9,19,27,66,"26,51666667","32,32982456","164,7679012","17,4790404","22,6","30,91666667","139,2333333","12,41666667"
2022-04-03,1,0,0,"16,6","24,1",105722,36,355,153,17,"26,96788833","15,88721667",12,16,3,11,21,22,84,"143,7393939","47,37222222","361,1742424","25,81865079","16,31666667",51,"217,6","15,1"
2022-04-04,2,0,1,"11,8","20,1",105722,36,483,273,39,"1876,884835","15,367",23,30,55,9,31,46,137,"26,21481481","70,06397849","244,6293478","48,63832117",15,"44,83333333","187,5333333","40,68333333"
2022-04-05,3,0,1,"11,2","22,1",105722,36,431,235,33,"6003,599898","15,737275",33,15,94,13,22,53,110,"32,58076923","44,32272727","211,0138365","65,77121212","19,78333333","36,41666667","114,7833333","38,64166667"
2022-04-06,4,0,1,"15,2","24,8",105722,36,455,226,27,"12,52827963","10,13708333",28,21,35,10,21,49,112,"25,22","65,70793651","273,4013605","53,40580357","25,575",50,251,"42,08333333"
2022-04-07,5,0,1,"17,6","24,1",105722,36,439,206,18,"2498,804394","27,716725",21,13,31,14,30,49,84,"20,49642857","61,34444444","242,2459184","40,22718254",18,43,"144,8666667","32,325"
2022-04-08,6,0,1,"18,1","22,6",105722,36,439,180,24,"8856,508488","7,076416667",30,31,82,14,20,30,88,"24,21547619","134,7608333","290,9138889","44,47935606","21,85","52,60833333","237,375","30,325"
2022-04-09,7,0,0,"17,4","22,2",105722,36,326,135,24,"-18316,46449","18,17765833",4,5,12,10,15,27,62,"51,59333333","48,99333333","159,1487654","21,92096774","27,51666667","40,23333333","89,06666667","13,59166667"
2022-04-10,1,0,0,"19,6","25,6",105722,36,349,154,19,"487,5164544","10,9446",7,11,79,8,28,24,78,"27,68958333","124,1279762","217,4715278","24,67542735","13,21666667","54,94166667","142,6666667","19,00833333"
2022-04-11,2,0,1,17,"24,7",105722,36,546,195,23,"46,17618627","21,94083333",23,22,37,7,28,41,84,"32,74285714","147,4482143","182,6890244","14,09345238","23,58333333","38,275","97,05","5,033333333"
2022-04-12,3,0,1,"13,1","22,6",105722,36,447,187,26,"-18694,72391","13,93436667",19,10,63,9,23,35,92,"27,22962963","46,73550725","127,5433333","34,75289855","18,53333333","44,41666667","102,15","20,90833333"
2022-04-13,4,0,1,"11,3","21,2",105722,36,394,129,20,"10,960215","10,064275",6,8,11,9,22,19,61,"204,8481481","101,2356061","203,5991228","44,08251366","38,13333333","37,05833333",142,"27,26666667"
2022-04-14,5,0,1,"12,4","19,8",105722,36,287,108,17,"15,39753222","13,81221667",6,9,13,3,11,29,41,"9,572222222","24,16212121","127,6770115","15,5898374","11,88333333","18,96666667","93,15","1,15"
2022-04-15,6,1,0,"13,2","18,1",105722,36,321,142,32,"6,190887037","5,437025",5,10,1,9,31,20,63,"16,42407407","122,2387097","123,3558333","25,11349206",13,23,"103,1583333","15,08333333"
2022-04-16,7,0,0,"15,8","21,1",105722,36,332,146,32,"22,52245263","8,477116667",5,7,17,17,29,16,63,"16,54705882","41,73563218","293,5104167","17,67380952",15,"27,31666667","255,5","11,26666667"
2022-04-17,1,0,0,"17,6","21,6",105722,36,290,121,16,"9,002626667","8,020716667",6,8,2,7,23,15,59,"21,5952381","38,32971014","215,8644444","22,49435028",17,24,"140,4","10,91666667"
2022-04-18,2,0,1,"17,2","21,7",105722,36,515,226,17,"38,47753611","22,49366667",14,25,18,4,21,57,118,"11,51666667","33,53333333","257,4687135","51,48135593",10,31,"162,2666667","40,64166667"
2022-04-19,3,0,1,"17,5",24,105722,36,478,192,21,"13,01284271","10,21355833",16,8,6,10,23,43,92,"40,58666667","175,4934783","122,5744186","37,68894928","25,94166667","48,9","101,9333333","37,175"
2022-04-20,4,0,1,"16,2","24,5",105722,36,409,190,34,"16,61977391","5,953",34,21,34,9,26,33,88,"18,61111111","39,36666667","162,7863636","43,58939394","17,76666667","29,775","116,5833333","34,66666667"
2022-04-21,5,0,1,"13,8","22,6",105722,36,423,176,29,"180,5357258","17,71146667",12,6,62,12,20,34,76,"28,53472222","45,675","236,7323529","47,66469298",20,"35,08333333","167,4083333","39,31666667"
2022-04-22,6,0,1,"13,8","19,1",105722,36,378,144,20,"43,82444167","15,05089167",13,21,36,8,23,28,61,"13,1375","42,27318841","165,9125","55,60163934","10,46666667","39,51666667","133,8333333","43,65"
2022-04-23,7,0,0,"9,3","21,1",105722,36,348,121,26,"13,83363333","10,611475",9,10,11,13,20,22,44,"12,62820513","40,57583333","142,4515152","30,78030303","10,53333333",38,"85,825","15,90833333"
2022-04-24,1,0,0,"13,4","22,6",105722,36,343,120,22,"590,3917755","14,27495",14,11,38,12,16,27,52,"19,14861111","40,734375","265,7888889","16,49871795","15,58333333","39,53333333","227,7333333","9,116666667"
2022-04-25,2,0,1,"18,2","24,1",105722,36,506,235,28,"19,38697368","14,14606667",45,17,28,11,28,57,106,"17,67121212","92,44464286","234,9040936","55,70251572","10,08333333","38,33333333","172,15","44,11666667"
2022-04-26,3,0,1,"18,3","23,3",105722,36,396,189,31,"34,1433049","24,43805",23,16,76,7,26,39,85,"25,42857143","52,49807692","236,3457265","44,06019608","32,5","38,10833333",164,"29,73333333"
2022-04-27,4,0,1,"14,3","25,4",105722,36,465,179,22,"39,76254048","19,104975",17,1,22,10,22,36,88,"34,38","52,13030303","164,5990741","64,975","17,04166667","36,175","138,4583333","38,84166667"
2022-04-28,5,0,1,"11,6","18,3",105722,36,406,171,18,"162,9894944","27,94166667",10,15,43,6,26,40,67,"18,875","39,87820513","175,5683333","47,82089552","15,38333333",31,"159,3","35,33333333"
2022-04-29,6,0,1,"8,2","15,6",105722,36,381,161,22,"26,16487083","17,13830833",11,4,19,11,27,34,58,"20,20454545","35,47839506","228,1318627","40,39454023","15,63333333","30,26666667","201,45","34,65833333"
2022-04-30,7,0,0,"9,7","15,1",105722,36,335,145,23,"18,31753214","20,37295",5,16,7,12,12,35,66,"33,01805556","37,37222222","144,9038095","34,66540404","19,04166667","29,25833333","101,0666667","16,55"
2022-05-01,1,1,0,"9,5","19,5",106256,36,325,148,31,"19,27833241","15,45011667",11,11,4,11,20,19,76,"38,46515152","54,17916667","282,395614","27,71118421","18,5",30,"254,5666667","16,3"
2022-05-02,2,0,1,10,"16,3",106256,36,515,235,17,"20,64442273","14,59738333",19,21,11,9,24,67,113,"35,18518519","54,89097222","161,2915423","49,62094395","18,43333333","42,03333333","128,7166667","39,85"
2022-05-03,3,0,1,9,"17,1",106256,36,436,207,11,"17,79465417","12,06083333",15,10,9,7,19,53,109,"21,19761905","42,70350877","193,890566","39,4058104","21,91666667","31,71666667","162,8333333","33,83333333"
2022-05-04,4,0,1,"9,8","18,6",106256,36,474,193,21,"2345,79388","14,10716667",21,15,42,5,21,41,97,"22,73","80,12142857","258,504878","43,00017182",14,31,"217,7666667","32,15"
2022-05-05,5,0,1,"11,2","19,6",106256,36,470,233,42,"1414,178029","19,41371667",38,23,73,18,24,48,101,"18,56111111","122,7194444","242,0378472","45,73861386",16,"52,99166667","163,3333333","38,61666667"
2022-05-06,6,0,1,"13,3","22,4",106256,36,439,173,20,"6321,214054","12,43394167",23,15,44,9,19,36,83,"29,33518519","69,48859649","391,6509259","50,58835341","24,45","33,83333333","311,1666667","39,78333333"
2022-05-07,7,0,0,"14,4","22,1",106256,36,413,182,26,"10582,27026","16,41638333",25,18,9,13,28,21,96,"23,4025641","56,05952381","147,5174603","21,20190972","17,01666667","44,89166667","91,05","14,49166667"
2022-05-08,1,0,0,"14,8","21,9",106256,36,393,172,19,"56,63084444","9,596733333",13,13,30,11,18,19,99,"17,33636364","100,6675926","217,3307018","26,58653199","17,71666667",34,"75,53333333","17,8"
2022-05-09,2,0,1,"13,1","20,6",106256,36,524,265,28,"1941,734209","26,111025",12,22,86,9,31,52,136,"34,96481481","57,47688172","152,7317308","29,7682598",31,"34,93333333","103,4416667","7,583333333"
2022-05-10,3,0,1,"14,3",20,106256,36,510,235,23,"680,9401392","26,02755",27,13,118,10,32,42,126,"13,88166667","49,6796875","246,6285714","34,48267196","12,99166667","39,68333333","180,325","20,125"
2022-05-11,4,0,1,"10,9","17,1",106256,36,494,241,24,"58,8628886","18,73076667",28,22,48,11,28,39,133,"20,57878788","62,58392857","246,5974359","35,29586466",22,"38,05","171,6333333","29,55"
2022-05-12,5,0,1,"10,2","16,5",106256,36,513,262,13,"16,49795","12,14071667",26,14,58,9,26,41,161,"21,82777778","45,68205128","296,4069106","32,86832298","23,25","38,50833333",282,"21,95"
2022-05-13,6,0,1,"13,6","18,7",106256,36,484,196,17,"27,52548039","9,54545",18,16,40,11,16,32,111,"30,84545455","53,821875","288,0130208","33,29864865","31,1",51,"157,95","22,9"
2022-05-14,7,0,0,"13,9","19,8",106256,36,391,167,26,"56,16991667","10,291075",4,12,40,12,22,20,87,"18,55833333","35,74090909","196,07","35,89482759","12,475","38,29166667","173,0416667","27,06666667"
2022-05-15,1,0,0,"9,3","15,7",106256,36,347,183,20,"12,90436282","11,3295",8,12,9,9,17,14,123,"18,17037037","112,4470588","89,775","42,26097561","14,31666667","34,5","77,66666667","32,63333333"
2022-05-16,2,0,1,"10,4","15,8",106256,36,497,317,18,"13,91043846","13,03338333",25,37,22,13,28,57,196,"17,33589744","205,0375","268,4204678","56,02517007","12,28333333","43,25833333","175,8333333","49,05"
2022-05-17,3,0,1,"8,8","14,9",106256,36,444,260,28,"44,50433684","19,41626667",21,23,57,11,19,49,155,"33,3530303","98,01754386","279,6636054","47,9744086","25,2",48,"187,1","39,16666667"
2022-05-18,4,0,1,"8,9","15,8",106256,36,348,179,25,"26,78640595","11,125225",9,13,26,12,19,33,87,"12,575","103,0754386","149,8732323","30,29923372",13,"29,3","137,4666667","18,08333333"
2022-05-19,5,0,1,"7,8","14,5",106256,36,526,288,20,"42,61293056","15,516525",22,25,28,14,29,44,177,"24,04761905","56,84367816","319,5564394","57,90178908","25,5","43,03333333","213,375","48,21666667"
2022-05-20,6,0,1,"8,2","17,8",106256,36,514,223,24,"19,60291979","15,603975",36,24,10,8,27,29,130,"209,73125","97,77160494","331,4902299","65,89141026","17,5",86,"248,9166667","53,91666667"
2022-05-21,7,0,0,"11,8","21,1",106256,36,421,169,22,"22,71798958","12,19411667",7,10,9,10,28,15,98,"22,93333333","46,37678571","223,6877778","41,01496599","12,28333333",34,"140,65","35,58333333"
2022-05-22,1,0,0,"10,1","18,1",106256,36,397,210,28,"91,77628426","24,01575",13,21,56,12,26,13,134,"18,79166667","51,13141026","344,2461538","64,82699005","16,61666667","40,83333333","220,0166667","51,61666667"
2022-05-23,2,0,1,"12,2","17,9",106256,36,552,286,26,"23,91137222","11,94733333",24,14,33,12,18,42,185,"17,89305556","50,31203704","242,0849206","62,74594595","10,09166667","39,90833333","198,1083333","57,23333333"
2022-05-24,3,0,1,"13,1","20,5",106256,36,476,213,18,"32,50449643","30,40014167",20,16,38,6,24,41,113,"40,20277778","153,7798611","192,3422764","60,01814159",28,44,"142,2166667","59,98333333"
2022-05-25,4,1,0,"9,6",15,106256,36,285,214,24,"22,17032188","16,83064167",22,20,11,12,32,40,110,"17,36944444","31,72708333","213,7491667","30,54560606","16,19166667","29,54166667","143,4416667","23,7"
2022-05-26,5,0,1,"7,4","13,8",106256,36,473,292,34,"18,64436111","14,48600833",24,17,48,8,26,51,170,"27,03333333","102,3634615","262,1689542","58,06166667",19,"49,75","178,5833333","51,48333333"
2022-05-27,6,0,1,"10,1","15,1",106256,36,447,190,31,"258,2915129","18,88563333",19,8,94,11,24,15,100,"19,14090909","238,7784722","232,1888889","41,36133333",17,"62,5","151,2333333","30,775"
2022-05-28,7,0,0,"10,2","13,1",106256,36,343,165,22,"30,23290444","8,708616667",6,6,8,10,24,29,79,"22,71333333","37,79027778","284,9367816","24,00337553","23,5","29,45",149,"10,81666667"
2022-05-29,1,0,0,"6,4","12,4",106256,36,357,199,29,"31,7597381","18,37166667",19,12,10,19,23,24,112,"23,44912281","32,49855072","417,9159722","43,02916667","17,01666667",27,"398,85","27,2"
2022-05-30,2,0,1,"4,1","12,4",106256,36,499,303,22,"27,2326049","15,12355",18,15,19,15,40,38,179,"22,23","111,525","246,7184211","50,03072626","15,01666667","60,3","200,7333333","45,16666667"
2022-05-31,3,0,1,"4,4","12,5",106256,36,477,264,33,"-16130,12327","20,55308333",28,16,125,16,38,34,145,"26,475","63,89429825","265,0279412","60,47149425",25,"41,38333333","206,6083333","41,76666667"
2022-06-01,4,0,1,"5,3","13,2",106519,36,428,254,21,"6108,304685","21,787275",22,14,57,11,23,50,147,"150,5378788","78,6557971","213,1216667","43,9792517","21,4","56,63333333","176,8916667","31,51666667"
2022-06-02,5,0,1,"5,5","12,2",106519,36,441,223,25,"4176,601884","30,61021667",26,9,95,11,36,24,131,"26,56363636","73,71481481","138,8618056","53,42150127","22,93333333","65,25833333","143,3583333","46,93333333"
2022-06-03,6,0,1,"7,3","11,9",106519,36,418,217,26,"8031,011643","25,32595",23,32,85,20,27,31,108,"40,45916667","121,2012346","311,7043011","53,36280864","28,7","60,66666667","254,7","39,725"
2022-06-04,7,0,0,"9,2","15,1",106519,36,355,175,26,"35,16130648","23,98210833",10,11,51,12,30,16,98,"18,35","51,65444444","261,5666667","44,00357143","15,70833333",38,"230,0083333","27,675"
2022-06-05,1,0,0,"9,1","14,8",106519,36,332,208,39,"13,97432222","13,234275",11,19,16,26,28,23,103,"37,25512821","102,35","152,8543478","36,58349515","20,45","51,05","74,21666667","30,35"
2022-06-06,2,0,1,"8,8","13,5",106519,36,554,269,28,"2109,553947","17,297775",29,20,117,17,37,41,145,"28,44117647","116,0972973","183,9906504","21,9116092","15,7","53,88333333","91,31666667","13,36666667"
2022-06-07,3,0,1,"7,3","11,5",106519,36,495,239,30,"2113,455269","17,27105",10,10,74,20,25,36,125,"94,0525","63,34066667","206,0476852","24,5644","17,48333333",53,"173,7083333","15,16666667"
2022-06-08,4,0,1,"7,3","11,6",106519,36,496,264,26,"32,12764667","26,94958333",17,17,59,11,33,36,154,"149,1878788","74,93585859","311,8314815","68,31396104","26,76666667",37,"218,2833333","49,90833333"
2022-06-09,5,0,1,"8,3","16,1",106519,36,409,211,26,"18,29392105","15,16866667",11,21,56,15,30,32,104,"20,26555556","54,34833333","199,30625","23,58012821",13,50,"179,375","10,24166667"
2022-06-10,6,0,1,"4,2","11,5",106519,36,377,154,14,"29,53193182","19,76833333",11,15,30,14,18,24,85,"224,3928571","60,06018519","209,0097222","29,73529412",22,"50,15","89,525","17,98333333"
2022-06-11,7,0,0,"4,6","15,7",106519,36,312,150,31,"20,93400741","12,1488",7,9,6,11,22,22,63,"19,74545455","32,95757576","202,4863636","30,32248677","15,35","31,60833333","173,3916667","23,9"
2022-06-12,1,0,0,"6,4","14,6",106519,36,376,177,27,"-12705,1756","21,40761667",15,20,24,13,26,22,92,"43,06282051","47,00641026","237,8992424","51,14692029","31,05","35,2","142,275","32,425"
2022-06-13,2,0,1,"7,4","16,2",106519,36,512,298,40,"73,36999321","12,17161667",28,18,76,20,34,41,163,"22,04","67,08235294","271,904878","63,37239264",18,"48,74166667","246,25","58,03333333"
2022-06-14,3,0,1,"9,3","15,6",106519,36,474,221,21,"221,6477417","24,35158333",23,19,163,11,24,48,110,"22,05151515","102,5381944","257,8003472","56,26833333","17,23333333",44,"228,3416667","47,525"
2022-06-15,4,0,1,"9,6","15,6",106519,36,451,160,19,"180,1153385","37,11155",12,13,141,9,17,24,92,"22,52222222","117,0931373","132,5256944","50,2557971",17,"29,73333333","116,1666667","44,55833333"
2022-06-16,5,0,1,"9,5","17,2",106519,36,461,158,21,"13993,72097","22,65905",9,19,91,12,23,22,72,"17,13055556","46,06521739","204,9181818","41,22847222","18,5","32,28333333","178,325","35,45"
2022-06-17,6,1,0,"5,8","13,2",106519,36,350,156,21,"17,47450104","11,96383333",7,10,24,12,21,20,86,"37,45416667","31,74365079","117,6975","35,66589147","21,70833333",30,"84,1","28,7"
2022-06-18,7,0,0,"3,4","16,6",106519,36,343,142,13,"16,83129074","8,14105",10,10,20,5,18,31,72,"21,23","197,0898148","136,2424731","32,90162037",21,"51,8","106,7333333","23,31666667"
2022-06-19,1,0,0,"6,4",18,106519,36,283,160,39,"25,59827101","9,153",17,14,19,20,27,15,68,"28,24","42,59074074","132,6288889","36,3877451","16,65","35,23333333","64,65","28,05"
2022-06-20,2,1,0,"7,6","13,4",106519,36,407,165,18,"64,99203333","22,29073333",5,9,17,14,22,17,94,"24,22261905","34,40454545","87,69803922","22,48953901","20,43333333","30,65833333",78,"16,28333333"
2022-06-21,3,0,1,"9,1","15,5",106519,36,527,221,32,"38,04321591","22,78625",21,18,45,13,29,40,100,"121,5423077","117,6971264","244,67","39,885",17,"46,88333333","192,65","33,53333333"
2022-06-22,4,0,1,"4,9","10,3",106519,36,432,212,29,"108,0608863","20,48671667",23,10,95,9,24,46,100,"13,58703704","145,9236111","188,2978261","54,50166667","11,48333333","25,84166667","138,15","42,6"
2022-06-23,5,0,1,"5,8","10,3",106519,36,420,240,38,"166,5145034","30,064",40,21,186,16,30,35,118,"38,434375","148,0055556","192,6752381","51,64081921","25,275",74,"160,8333333","42,9"
2022-06-24,6,0,1,"8,3","11,5",106519,36,403,204,40,"229,7034565","18,19033333",31,17,111,13,31,28,96,"31,94487179","108,0263441","308,814881","70,94149306","22,36666667","43,15","197,3083333","59,26666667"
2022-06-25,7,0,0,"5,1","12,1",106519,36,331,149,38,"235,522942","11,34271667",19,11,21,12,24,20,63,"14,20694444","52,97916667","228,6766667","24,46349206",13,"45,15","177,6083333","14,21666667"
2022-06-26,1,0,0,"7,3","10,3",106519,36,313,155,25,"29,25349298","29,45816667",14,11,49,12,32,16,77,"36,975","126,103125","120,975","36,43658009","19,625","37,5","43,93333333","13,45"
2022-06-27,2,0,1,"8,4","11,5",106519,36,498,220,27,"104,3105188","10,75378333",23,11,77,7,27,44,97,"16,26904762","60,39567901","252,2117424","44,59536082",19,50,"133,7166667","35,98333333"
2022-06-28,3,0,1,"9,8",16,106519,36,466,221,22,"56,39579271","20,587725",18,19,57,16,38,37,108,"20,07083333","89,28377193","203,0175676","38,86682099","14,975","46,50833333","125,3","30,91666667"
2022-06-29,4,0,1,"7,8","19,1",106519,36,465,173,25,"19,07262381","10,36930833",26,16,71,10,16,33,85,"19,77833333","235,2239583","240,8166667","32,88215686","20,5","80,5","160,8166667","23,21666667"
2022-06-30,5,0,1,"9,5","15,3",106519,36,396,209,34,"-11911,43209","16,7785",29,11,82,12,28,30,106,"20,03333333","71,87380952","195,8055556","43,43930818","16,83333333","54,85833333","150,4833333","33,525"
2022-07-01,6,0,1,"9,2","12,6",107305,36,403,173,31,"75,83065333","11,86693333",19,10,64,13,21,28,79,"31,72564103","251,9777778","212,335119","51,28776371",38,"34,91666667","165,9916667","40,63333333"
2022-07-02,7,0,0,"8,2","14,3",107305,36,342,164,37,"14344,34217","10,36666667",16,11,66,19,29,22,65,"27,66140351","43,9","194,5333333","36,17615385",18,34,"144,5","27,78333333"
2022-07-03,1,0,0,"4,7","13,1",107305,36,338,146,28,"31,07260263","20,21445",11,8,36,11,29,10,73,"25,58939394","169,3758621","404,5083333","35,47579909",21,"61,85","387,3666667","23,06666667"
2022-07-04,2,0,1,"8,8",13,107305,36,479,241,29,"2558,812138","17,88945",14,19,129,9,26,46,121,"171,2851852","70,21858974","211,2735507","18,84435262","10,96666667","41,31666667","127,4833333","4,033333333"
2022-07-05,3,0,1,9,"12,9",107305,36,431,195,30,"29,99665294","12,71195",17,12,94,11,24,38,88,"17,05454545","92,23402778","299,4092105","18,88465909","17,71666667","31,19166667","270,625","9,566666667"
2022-07-06,4,0,1,"9,3",14,107305,36,419,209,19,"25,32208646","24,773725",28,17,30,15,24,39,107,"29,96777778","40,28819444","265,4794872","31,41962617",19,"27,79166667","154,15","20,06666667"
2022-07-07,5,0,1,"7,9","14,8",107305,36,431,217,31,"23,55978158","19,06456667",16,9,61,8,25,54,93,"44,27708333","90,232","152,7410494","18,02437276",37,"33,33333333","108,475","4,283333333"
2022-07-08,6,0,1,"5,1","13,7",107305,36,378,183,29,"3671,19964","20,37903333",12,11,77,14,16,34,89,"25,48452381","134,6427083","154,2882353","39,71011236","24,3","47,5","109,7416667","27,68333333"
2022-07-09,7,1,0,"10,8","16,6",107305,36,385,111,26,"14,12326026","9,822433333",6,7,9,8,19,14,50,"16,86666667","49,1754386","121,9559524","21,543","15,46666667","34,08333333","61,20833333","13,84166667"
2022-07-10,1,0,0,"14,8","21,5",107305,36,392,154,19,"33,34359028","19,34964167",10,13,2,11,23,24,83,"43,46212121","46,4615942","294,3027778","33,50803213","26,68333333",39,"237,675","26,63333333"
2022-07-11,2,0,1,"9,3","15,6",107305,36,498,239,20,"26,21657333","11,71628333",27,34,47,12,22,54,126,"19,66527778","50,43257576","263,2212963","47,49814815","20,48333333","34,05",205,"39,46666667"
2022-07-12,3,0,1,"4,6","11,9",107305,36,449,226,39,"-9612,793045","28,973",37,29,141,17,24,39,112,"22,85490196","94,55902778","297,4068376","70,24166667","19,13333333","38,94166667",288,"51,29166667"
2022-07-13,4,0,1,"7,3","14,4",107305,36,445,233,28,"180,829662","33,82603333",19,33,116,9,30,38,129,"25,80185185","99,16444444","270,6486842","50,51718346","20,88333333","52,1","206,8916667","36,98333333"
2022-07-14,5,0,1,"9,7","14,2",107305,36,382,204,25,"232,2409807","36,31666667",21,30,158,9,26,35,99,"17,94814815","53,24487179","195,0014286","40,39292929",16,"31,13333333","120,7166667","34,18333333"
2022-07-15,6,0,1,"8,5","13,3",107305,36,388,198,30,"29,15752456","17,30678333",25,19,66,17,29,35,86,"30,0745098","97,59827586","180,8257143","44,8248062",23,"45,76666667","125,4333333","40,46666667"
2022-07-16,7,0,0,"8,4","11,7",107305,36,339,164,35,"129,6022173","23,09966667",18,13,49,17,28,24,68,"18,29803922","39,71011905","271,5541667","42,2877451","16,66666667","29,66666667",146,"19,26666667"
2022-07-17,1,0,0,"2,3","14,1",107305,36,309,166,35,"16,41462708","10,62169167",8,10,25,11,38,23,68,"14,34393939","114,1885965","266,973913","32,10318627","10,75","42,60833333","226,1","19,125"
2022-07-18,2,0,1,"5,4","17,7",107305,36,470,219,25,"25,44375238","15,1636",23,21,33,7,33,21,129,"16,73809524","48,70151515","195,9666667","61,59870801","13,85",36,"111,1333333","54,23333333"
2022-07-19,3,0,1,"6,8","14,2",107305,36,417,189,25,"30,32389931","21,98841667",25,17,153,14,26,37,83,"119,0869048","42,07820513","262,6310811","44,9564257",20,"29,63333333","212,8666667","32,3"
2022-07-20,4,0,1,"8,4","15,7",107305,36,444,184,36,"42,00094533","18,10628333",26,13,94,16,28,22,86,"19,54895833","97,58511905","195,5454545","52,02034884","17,825","37,325","160,8166667","32,85833333"
2022-07-21,5,0,1,"10,2","19,5",107305,36,439,218,35,"223,3672053","13,48396667",22,11,67,11,27,32,103,"28,52272727","65,30555556","184,1354167","47,17799353","22,53333333",36,"117,3416667","37,35"
2022-07-22,6,0,1,"9,1","17,2",107305,36,411,168,31,"28,12027745","12,39376667",14,12,12,21,11,29,76,"29,03650794","46,84090909","223,6931034","53,28135965","23,2","46,25","145,7333333","42,06666667"
2022-07-23,7,0,0,"10,8","15,2",107305,36,358,151,23,"20,66375222","13,744",3,9,27,19,27,26,61,"15,05087719","154,5765432","265,0083333","18,23551913","14,65","35,08333333","148,6333333","11,51666667"
2022-07-24,1,0,0,"11,9","15,3",107305,36,337,129,17,"13,09663571","7,542858333",4,8,2,7,29,17,59,"41,66904762","104,6821839","228,5343137","23,55282486","15,66666667","29,18333333","66,26666667","18,76666667"
2022-07-25,2,0,1,"11,8","15,8",107305,36,424,204,21,"35,9289386","24,33511667",18,13,36,13,26,48,85,"16,42820513","97,22692308","212,8385417","37,02294118",18,"30,65833333","144,0166667","30,83333333"
2022-07-26,3,0,1,"14,1","20,8",107305,36,379,185,34,"37,16295","16,70988333",9,13,86,15,30,28,77,"22,67888889","41,13277778","124,6130952","27,64545455","21,56666667","33,5","107,0583333","26,28333333"
2022-07-27,4,0,1,"14,5","19,6",107305,36,410,164,25,"38,74890196","19,36978333",19,8,62,7,19,30,78,"13,51428571","111,8035088","162,8277778","34,81794872",11,46,"115,0916667","20,50833333"
2022-07-28,5,0,1,"9,9","16,8",107305,36,424,178,25,"29,98266884","20,98955",9,10,102,10,30,27,76,"25,79","77,85833333","228,7407407","29,61359649","18,5","27,5","147,1833333","24,93333333"
2022-07-29,6,0,1,"6,8","18,1",107305,36,372,170,34,"126,6171297","12,15966667",20,16,69,16,27,20,69,"109,4864583","159,8746914","216,5608333","50,452657","20,05833333",47,"83,125","42,01666667"
2022-07-30,7,0,0,"8,1","17,2",107305,36,351,142,18,"51,31334","19,03894167",6,12,9,9,25,14,77,"34,83888889","41,78666667","229,5916667","45,89978355",16,"37,81666667","118,0666667","27,55"
2022-07-31,1,0,0,"10,7","17,4",107305,36,294,128,23,"24,09325889","14,91966667",2,7,5,11,27,12,60,"15,70606061","46,71419753","163,4541667","45,47222222","13,11666667",29,"130,55","36,78333333"
2022-08-01,2,0,1,"10,3","16,6",107912,36,434,192,28,"2223,493487","18,75764167",18,9,36,10,26,32,91,"12,33","42,78461538","141,9177083","21,25659341","10,575",33,"107,8333333","6,45"
2022-08-02,3,0,1,"11,1","15,6",107912,36,404,165,21,"21,15646667","16,00973333",21,12,28,12,21,30,78,"34,61111111","44,09920635","118,93","12,18162393","17,15833333","33,38333333","95,44166667","7,375"
2022-08-03,4,0,1,"10,2","16,1",107912,36,411,190,35,"16023,44895","15,614775",16,16,119,10,19,30,95,"15,31166667","89,96315789","202,6527778","23,40315789","12,1","49,85","117,9666667","16,16666667"
2022-08-04,5,0,1,"7,4","14,1",107912,36,403,177,21,"2551,947509","16,59605",9,10,38,14,29,31,83,"30,75","58,31494253","146,516129","20,14116466","22,63333333","41,01666667","102,3","11,86666667"
2022-08-05,6,0,1,"5,8","17,1",107912,36,357,149,31,"19,05988182","15,68213333",13,7,36,11,31,19,53,"17,03030303","270,7591398","106,3385965","27,21446541","15,75","46,96666667","90,56666667","16,03333333"
2022-08-06,7,0,0,"7,5","15,6",107912,36,334,140,24,"23,73991771","17,88825",17,14,4,12,29,15,67,"17,49305556","34,93908046","190,1388889","35,32412935","11,45",33,"113,1166667","22,51666667"
2022-08-07,1,0,0,"8,8","13,7",107912,36,343,128,33,"4206,718593","19,11483333",14,11,90,11,28,11,54,"115,8848485","132,8220238","293,3030303","41,07654321","18,45","22,48333333","133,3166667","31,95833333"
2022-08-08,2,0,1,"7,4","14,5",107912,36,448,171,39,"90,71445833","10,99486667",22,21,68,14,23,26,72,"16,91190476","123,4181159","183,225641","50,1224537",17,"41,63333333","134,1833333","35,575"
2022-08-09,3,0,1,"9,9","13,6",107912,36,473,174,19,"10954,52673","9,738808333",18,15,44,7,16,36,91,"20,36428571","91,79479167","219,5263889","50,08699634",14,"41,60833333","169,275","41,7"
2022-08-10,4,0,1,9,"13,5",107912,36,440,181,29,"32,27928889","19,33283333",14,6,67,12,27,30,76,"19,41527778","141,7648148","185,1511111","42,67302632","14,675",48,"135,6583333","26,49166667"
2022-08-11,5,0,1,"9,8","16,6",107912,36,463,162,33,"48,33131667","18,48516667",22,13,63,15,28,27,64,"113,4344444","111,2083333","179,7777778","34,37421875",15,47,"132,4666667","30,675"
2022-08-12,6,0,1,"10,4","17,1",107912,36,391,152,18,"18,38750595","10,70019167",14,14,15,9,24,31,62,"25,65555556","96,69305556","180,3704301","47,42741935","26,85","30,99166667","146,6666667","37,8"
2022-08-13,7,0,0,"12,1",20,107912,36,308,110,19,"90,53776389","12,68285833",12,3,7,7,14,26,49,"221,5571429","45,31547619","174,2294872","20,69693878","19,26666667","49,51666667","120,2583333","19,53333333"
2022-08-14,1,0,0,"14,1","20,7",107912,36,293,103,27,"31,27168646","17,0185",5,6,22,11,15,18,37,"15,16212121","62,22888889","284,2518519","25,32612613","12,21666667",27,"228,5083333","17,98333333"
2022-08-15,2,1,0,"12,3","19,3",107912,36,365,132,27,"89,29861176","14,89966667",3,6,37,12,21,25,46,"15,66527778","31,72777778","137,5473333","29,81195652","13,275","30,5","86,1","22,14166667"
2022-08-16,3,0,1,"7,5","20,4",107912,36,519,216,22,"79,42349259","14,70313333",18,8,123,11,31,41,110,"18,67878788","83,15967742","146,7764228","53,89833333",19,"30,56666667","91,33333333","41,96666667"
2022-08-17,4,0,1,"9,2",15,107912,36,468,152,14,"8,975990909","4,927566667",18,25,66,16,18,26,66,"18,91041667","50,45","185,0839744","45,33358586","16,675","45,19166667","178,3916667","34,78333333"
2022-08-18,5,0,1,"4,3","13,1",107912,36,418,175,30,"103,8972083","21,21875",10,23,65,15,20,40,65,"108,2111111","60,70166667","292,7116667","31,50512821","14,36666667","36,73333333","204,3166667","25,55"
2022-08-19,6,0,1,"6,2","18,1",107912,36,442,169,38,"29,238602","12,48488333",8,14,30,9,22,32,59,"15,10740741","105,8242424","122,6322917","53,32118644","17,08333333","40,5","114,8416667","40,88333333"
2022-08-20,7,0,0,"6,1","16,8",107912,36,341,121,34,"136,061886","14,44466667",5,12,14,13,30,18,33,"16,95","38,21166667","170,937963","16,67373737","18,2","30,48333333","171,7666667","10,01666667"
2022-08-21,1,0,0,"7,4","16,1",107912,36,342,115,17,"11,60170897","9,654066667",9,10,6,5,31,26,40,"13,19666667","45,27419355","80,7","22,98708333",12,"26,46666667","57,48333333","11,73333333"
2022-08-22,2,0,1,"9,3","13,2",107912,36,508,224,25,"34,75665185","12,86871667",12,15,28,10,13,57,107,"17,92","23,8974359","196,7105263","30,91557632","14,5",25,"136,45","24,7"
2022-08-23,3,0,1,"10,6","17,4",107912,36,468,208,20,"21,78080729","16,36553333",18,15,72,13,19,58,85,"27,16923077","49,72105263","187,8258621","30,09901961",18,"36,03333333",165,"15,1"
2022-08-24,4,0,1,"11,8","20,6",107912,36,487,183,24,"196,0304951","29,73428333",15,9,80,10,33,39,77,"16,62","125,7737374","167,1717949","38,9512987","12,9","42,53333333",109,"28,18333333"
2022-08-25,5,0,1,"13,8","20,8",107912,36,424,159,20,"26,2905213","20,30591667",15,9,62,14,20,38,59,"18,45357143","106,1875","176,104386","25,17259887","14,99166667","31,975","131,65","24,68333333"
2022-08-26,6,0,1,"14,2","20,2",107912,36,462,181,24,"26,45445","13,90158333",14,15,49,11,28,40,69,"15,07575758","83,15059524","207,0729167","41,52173913","15,18333333","32,35","135,5833333","24,68333333"
2022-08-27,7,0,0,"10,8","19,9",107912,36,354,105,33,"21,8371425","18,40658333",4,9,9,5,25,16,32,"13,14666667","28,968","192,5072917","42,34322917",12,"24,78333333","167,5083333","14,03333333"
2022-08-28,1,0,0,"4,8","13,6",107912,36,301,115,17,"23,23862976","14,53264167",7,15,13,8,26,26,41,"22,6875","109,6711538","163,7294872","44,56463415","25,5","56,26666667","135,4416667","11,76666667"
2022-08-29,2,0,1,6,"14,1",107912,36,530,233,19,"192,1789875","35,061725",28,15,83,11,27,68,93,"29,17727273","40,16111111","152,2612745","25,07992832","17,76666667","29,88333333","87,96666667","16,21666667"
2022-08-30,3,0,1,"9,8","16,3",107912,36,491,194,27,"31,91193188","17,34183333",9,14,102,10,23,48,77,"19,98833333","31,98985507","184,5229167","16,85324675","20,5",28,"103,15","11,73333333"
2022-08-31,4,0,1,13,"17,9",107912,36,512,161,21,"20,94865769","17,01861667",14,7,42,12,14,44,64,"25,06388889","146,8857143","136,6276515","23,97630208","21,625","42,85","82,16666667","17,575"
2022-09-01,5,0,1,"14,3","17,7",108217,36,437,179,31,"8031,0706","21,21284167",35,13,189,13,22,40,63,"17,81025641","42,40378788","178,005","38,94153439","17,05","36,48333333","139,3166667","33,15"
2022-09-02,6,0,1,"7,4","17,6",108217,36,394,130,23,"34,84299804","27,01643333",14,18,12,9,20,25,49,"19,60925926","93,98833333","133,892","26,68231293",15,"27,90833333","79,45","22,9"
2022-09-03,7,0,0,"7,3","16,6",108217,36,394,136,23,"23,82276061","12,17161667",5,13,2,9,24,26,58,"13,93703704","48,81111111","294,4371795","17,26091954",15,32,"265,5666667","11,45"
2022-09-04,1,0,0,"9,4","19,7",108217,36,376,125,18,"25,36678929","14,62603333",2,13,10,7,31,24,49,"8,85952381","42,60913978","314,2743056","15,19013605","6,55",35,"158,075","10,88333333"
2022-09-05,2,0,1,"10,3","18,8",108217,36,591,198,18,"48,5782619","17,21214167",20,12,35,8,33,51,75,"27,08333333","31,08939394","147,446732","54,53666667","22,65833333",25,"103,7166667","21,43333333"
2022-09-06,3,0,1,"13,1","19,1",108217,36,468,186,36,"1850,19034","18,68916667",22,20,90,13,23,40,67,"28,96538462","105,5384058","135,8708333","43,89900498",22,36,"105,0583333","33,38333333"
2022-09-07,4,0,1,"14,2","21,6",108217,36,464,163,20,"10210,23301","24,49733333",25,9,49,11,24,34,65,"22,10909091","61,92361111","284,1401961","63,09871795",17,"37,66666667","240,6083333","54,26666667"
2022-09-08,5,0,1,12,"21,5",108217,36,447,194,37,"1738,377127","12,78410833",16,19,28,16,27,39,67,"17,79166667","49,08703704","238,5470085","30,60323383",14,"37,45",173,"25,53333333"
2022-09-09,6,0,1,"7,4","14,4",108217,36,409,174,36,"2254,226418","14,740025",17,11,57,10,23,29,68,"26,125","105,8543478","225,0678161","44,20637255","17,96666667","36,86666667","168,0166667","28,49166667"
2022-09-10,7,0,0,"5,4",19,108217,36,329,105,18,"7296,491975","14,00408333",6,10,16,15,25,23,26,"16,91555556","31,23333333","300,2028986","29,80705128",15,"30,95","224,7833333","21,50833333"
2022-09-11,1,0,0,"8,6","17,2",108217,36,350,133,27,"11,26293241","7,53055",8,7,15,7,24,29,50,"20,85714286","36,33055556","290,2637931","21,05033333",16,"28,09166667","180,6","13,325"
2022-09-12,2,0,1,"11,2","16,6",108217,36,550,227,23,"-18946,17649","2,482833333",13,12,25,20,22,65,84,"19,0025","32,50454545","197,9812821","40,40178571","18,34166667","28,325","144,05","36,66666667"
2022-09-13,3,0,1,"10,8","16,4",108217,36,535,208,30,"40,76874514","19,42305833",27,13,99,10,30,55,78,"18,36833333","43,69222222","247,98","46,25320513","10,00833333","33,93333333","216,3333333","32,7"
2022-09-14,4,0,1,"11,6","17,7",108217,36,492,200,41,"24,67171012","11,74475833",7,22,41,20,28,57,59,"51,99666667","48,86428571","214,5149123","30,42768362","22,28333333","28,99166667","166,2333333","23,46666667"
2022-09-15,5,0,1,"12,8","19,6",108217,36,497,188,21,"121,1555155","14,67990833",12,21,36,10,26,60,62,"24,11166667","52,98205128","183,8677778","32,49677419","13,35833333","34,95","137,0583333","24,24166667"
2022-09-16,6,0,1,14,"21,6",108217,36,456,165,31,"15,98005159","12,00538333",12,13,28,13,31,34,60,"35,69871795","38,64677419","258,9980392","47,92805556","9,733333333","34,76666667","170,7083333","31,98333333"
2022-09-17,7,0,0,"14,9","22,7",108217,36,390,162,31,"297,1276075","16,02933333",15,12,18,23,39,22,54,"21,17608696","42,85683761","189,9742424","37,52314815","14,38333333",38,"83,2","19,125"
2022-09-18,1,0,0,"15,3","19,9",108217,36,401,120,21,"22,86264103","17,31738333",9,9,1,6,16,37,38,"16,33333333","35,28541667","198,1193694","30,57631579","13,5",34,"132,1166667","13,00833333"
2022-09-19,2,0,1,"15,6","22,6",108217,36,545,235,35,"13,2858375","9,386275",25,22,38,16,26,81,76,"23,24791667","46,76410256","261,1109053","35,63684211","20,69166667","36,06666667","189,6833333","28,65833333"
2022-09-20,3,0,1,"8,8","18,6",108217,36,546,206,28,"18,60481087","9,044616667",19,9,41,14,34,63,62,"33,54880952","44,64215686","267,2791005","26,66827957","14,49166667","36,43333333",159,"17,90833333"
2022-09-21,4,0,1,12,"17,1",108217,36,420,195,28,"196,6108778","14,12766667",7,8,29,16,23,57,66,"45,58958333","92,98985507","166,9847953","33,59823232","16,14166667","29,05","145,8833333","24,625"
2022-09-22,5,0,1,"10,3","19,1",108217,36,488,207,39,"18,67935256","12,8157",15,18,9,12,29,55,62,"13,70277778","42,20574713","173,5760606","36,65107527","10,79166667",34,"147,0666667","24,11666667"
2022-09-23,6,0,1,"8,4","18,1",108217,36,479,158,23,"87,77788158","8,903333333",21,8,53,12,31,33,54,"16,29166667","40,95913978","252,5929293","63,09814815","15,61666667","38,98333333",201,"42,76666667"
2022-09-24,7,0,0,"11,8","20,8",108217,36,366,148,31,"18,31282246","13,19928333",6,7,13,14,30,25,46,"16,66785714","48,25833333","165,418","32,02028986","14,20833333","34,05833333","117,15","21,75"
2022-09-25,1,0,0,"13,3","20,2",108217,36,432,161,39,"22,49173667","12,9546",13,8,1,11,23,51,48,"25,72121212","34,52101449","214,8411765","22,26423611",15,25,"162,6166667","16,39166667"
2022-09-26,2,0,1,"14,6",21,108217,36,580,249,26,"52,44283788","20,57891667",14,12,59,18,34,74,75,"16,21759259","42,94215686","173,3695946","33,64044444","11,23333333","29,9",124,"19,63333333"
2022-09-27,3,0,1,"13,7","23,1",108217,36,568,225,26,"78,26827464","19,94933333",27,14,105,9,24,77,68,"44,77777778","167,9333333","169,8203463","27,47892157",19,"56,19166667",117,"22,70833333"
2022-09-28,4,0,1,"11,3","17,1",108217,36,480,182,27,"96,85630526","15,99878333",10,7,58,19,24,52,57,"16,21491228","102,3416667","197,5913462","24,45233918","15,38333333","37,04166667","139,6","13,73333333"
2022-09-29,5,0,1,11,"17,5",108217,36,469,190,28,"26,99939667","12,48308333",20,15,43,16,27,59,57,"18,23958333","38,07839506","224,2420904","25,88216374","14,75833333",31,149,"18,73333333"
2022-09-30,6,0,1,"12,4","18,6",108217,36,484,191,34,"21,86406905","14,80083333",24,13,32,21,28,52,53,"38,25555556","45,62916667","187,9855769","47,01918239","22,36666667","33,84166667","118,1583333","19,95"
2022-10-01,7,0,0,"12,9","20,6",108794,36,442,151,31,"20,67824912","11,90493333",12,21,6,20,29,31,46,"35,29166667","43,54022989","211,8263441","30,8807971","20,51666667",31,"183,2333333","20,775"
2022-10-02,1,0,0,"13,2","22,1",108794,36,437,153,27,"20,99777","11,46238333",6,16,14,12,27,38,53,"132,2888889","184,6203704","266,4627193","45,37798742","15,21666667","27,06666667","161,5833333","34,75"
2022-10-03,2,0,1,11,"17,2",108794,36,560,248,22,"7,223619231","5,201",35,19,24,10,30,79,89,"16,605","136,2516667","251,9109705","39,76947566","13,53333333",36,177,"27,23333333"
2022-10-04,3,0,1,"11,3","19,2",108794,36,492,211,33,"33,76077319","12,0955",17,9,79,12,25,68,77,"27,73472222","49,52066667","189,7833333","40,53246753","18,71666667","41,98333333","141,3916667","25,25"
2022-10-05,4,0,1,"13,8","21,2",108794,36,537,206,24,"27,79718431","19,56983333",22,15,72,13,31,71,66,"128,6602564","103,4725806","209,4866197","41,42954545","21,35","37,01666667","148,5166667","32,59166667"
2022-10-06,5,0,1,"14,3","23,1",108794,36,501,189,23,"24,35627353","7,680783333",14,51,21,13,29,46,76,"29,72435897","56,09425287","240,2449275","32,15570175",24,"47,13333333","204,05","26,56666667"
2022-10-07,6,1,0,"12,5","28,6",108794,36,409,145,34,"2084,760727","9,505666667",16,10,21,13,26,31,48,"19,62564103","89,53910256","211,9086022","36,90590278","14,73333333",31,"163,6166667","29,275"
2022-10-08,7,0,0,"9,3","22,6",108794,36,394,112,21,"36,04339583","8,811575",4,10,1,10,29,18,34,"50,84166667","28,9954023","154,1481481","33,26764706","15,93333333","25,93333333","74,38333333","32,13333333"
2022-10-09,1,0,0,"6,3","21,1",108794,36,333,138,31,"7,723273958","6,211308333",5,7,1,11,27,25,53,"143,4651515","38,55123457","164,2593333","51,28396226","13,65",30,"78,1","30,55"
2022-10-10,2,1,0,"10,3","19,4",108794,36,437,167,25,"6666,653505","13,374",5,25,4,8,32,42,62,"193,1979167","32,97708333","199,4698413","39,12069892","20,34166667","32,03333333","110,1166667","29,26666667"
2022-10-11,3,0,1,"12,8","18,6",108794,36,619,237,25,"3011,853111","13,95541667",38,17,33,9,30,91,77,"24,53333333","40,94277778","280,0846154","31,71493506","21,43333333","30,85",184,"25,68333333"
2022-10-12,4,0,1,"11,4","29,1",108794,36,547,276,36,"35,90669653","23,018975",16,27,143,20,31,67,120,"39,01","93,85430108","181,3422886","46,76472222","15,38333333","36,23333333","131,1166667","34,63333333"
2022-10-13,5,0,1,"11,3","24,6",108794,36,541,203,21,"29,42235476","9,012775",15,17,57,9,28,59,80,"23,54074074","55,93214286","144,2988701","35,01666667",14,"48,01666667","115,05","27,63333333"
2022-10-14,6,0,1,"11,1","16,4",108794,36,467,165,25,"25,18093542","13,62113333",11,12,36,15,21,34,68,"117,4055556","60,09603175","263,2348039","39,41764706",22,39,"252,9833333","31,025"
2022-10-15,7,0,0,"12,3","15,6",108794,36,421,117,19,"322,1224321","22,884775",7,13,36,12,21,25,43,"17,50833333","125,5174603","299,552","14,33682171","18,73333333",51,"251,9333333","7,583333333"
2022-10-16,1,0,0,"12,4","18,8",108794,36,291,141,17,"13,9956303","8,623666667",9,28,4,7,21,46,55,"18,27619048","31,81269841","180,1931159","34,03545455",15,"24,68333333","82,79166667","18,86666667"
2022-10-17,2,0,1,"14,1","19,3",108794,36,571,243,13,"14,16388788","13,05693333",18,22,21,15,24,82,99,"23,36666667","94,23888889","222,2221545","37,1956229","18,71666667","33,89166667","160,25","26,83333333"
2022-10-18,3,0,1,"14,8","21,1",108794,36,522,203,34,"24,00842121","12,44860833",6,16,62,20,25,55,70,"22,1875","53,176","197,6075758","28,87190476","22,81666667",58,"131,25","18,7"
2022-10-19,4,0,1,"16,4","21,1",108794,36,549,200,13,"159,4954792","24,80733333",13,16,40,10,23,74,71,"32,82666667","61,97028986","222,0117117","34,51502347","18,05833333","36,45","164,9","24,41666667"
2022-10-20,5,0,1,"17,3","21,5",108794,36,541,182,15,"9,695468182","8,241783333",10,24,25,7,28,57,63,"16,24761905","56,42261905","256,8052632","27,83174603",16,"31,84166667","178,7333333","17,75"
2022-10-21,6,0,1,"16,3","21,7",108794,36,467,197,26,"11,4689725","11,53269167",11,17,51,16,31,53,63,"12,20625","45,42580645","211,0138365","50,21111111","14,54166667",38,"163,85","41,43333333"
2022-10-22,7,0,0,"10,8","17,1",108794,36,355,140,25,"198,9367978","6,982783333",11,15,13,8,21,39,47,"31,525","95,66031746","243,9747863","40,9070922","16,96666667",32,"137,7333333","13,45"
2022-10-23,1,0,0,"10,8","18,8",108794,36,400,163,25,"14,31477436","9,360333333",5,13,0,1,25,40,75,"49,78333333","32,20066667","267,9808333","20,00177778","49,78333333","28,65","232,4166667","11,91666667"
2022-10-24,2,0,1,"15,3","24,1",108794,36,562,258,31,"16,83374902","9,0935",21,19,36,10,22,88,91,"18,01166667","48,8469697","167,344697","30,32728938","19,61666667","42,41666667","101,4","23,15"
2022-10-25,3,0,1,"17,5","25,6",108794,36,554,205,31,"37,95471667","16,07510833",12,21,97,9,23,61,73,"15,50740741","44,71666667","130,3210383","24,8673516","14,21666667","41,35","100,2333333",15
2022-10-26,4,0,1,"17,1","24,7",108794,36,462,166,14,"36,14091786","18,61158333",16,9,60,5,16,73,49,"60,81","41,07604167","186,8474886","41,21632653","16,03333333","33,65","114,4","19,88333333"
2022-10-27,5,0,1,"15,3","28,6",108794,36,481,207,35,"33,00335942","14,57171667",19,13,31,11,22,46,76,"76,16212121","47,97727273","209,3891304","27,0247807","28,78333333","37,575","161,925","9,166666667"
2022-10-28,6,0,1,"17,2","34,6",108794,36,468,145,22,"101,469026","13,53333333",10,17,40,12,27,35,45,"52,33333333","36,72037037","185,9442857","49,87777778","23,225","33,78333333",82,"27,23333333"
2022-10-29,7,0,0,"19,1","30,1",108794,36,368,107,18,"15,38427667","14,55235833",5,9,8,9,23,19,41,"27,51851852","105,2137681","220,0684211","47,40203252","20,5","39,35","169,3833333","29,3"
2022-10-30,1,0,0,"11,4","22,2",108794,36,376,123,22,"16,20936","4,6435",6,17,19,9,17,30,45,"20,21481481","35,72745098","185,3","42,38851852","11,45",33,"135,1916667","30,15"
2022-10-31,2,0,1,"7,8",17,108794,36,547,206,22,"3532,272915","10,62610833",13,24,80,10,23,63,74,"19,21333333","37,73550725","221,2857143","43,25045045","13,775",27,"135,5166667","39,86666667"
2022-11-01,3,0,1,"9,3","19,9",109334,36,493,194,22,"19,30269048","11,82260833",14,4,30,9,25,50,83,"22,42222222","55,54333333","203,558","31,99236948","18,85","45,36666667","152,6333333","29,66666667"
2022-11-02,4,0,1,"11,8","24,7",109334,36,528,155,16,"22,50351389","9,495558333",5,16,20,1,23,43,58,"9,533333333","44,44710145","177,5399225","49,06408046","9,533333333",34,"119,3666667","36,91666667"
2022-11-03,5,0,1,"16,2","23,7",109334,36,477,179,29,"2422,695269","13,447475",26,12,18,17,22,41,69,"16,90392157","48,78939394","171,0073171","43,89347826",17,"39,25833333",103,"40,66666667"
2022-11-04,6,0,1,"14,8","22,8",109334,36,442,135,23,"6253,908189","8,795516667",11,5,25,10,11,34,46,"45,95333333","43,66818182","170,9176471","36,87282609",17,"37,18333333","118,3583333","21,7"
2022-11-05,7,0,0,"15,8","23,1",109334,36,347,123,23,"20,17806389","8,242083333",11,3,10,6,30,18,46,"14,67777778","41,58722222","182,5509259","30,75434783","13,81666667","31,06666667","110,8166667","27,4"
2022-11-06,1,0,0,16,"23,6",109334,36,396,111,24,"18,50286574","15,7475",11,6,12,5,17,20,49,"15,24333333","125,6529412","220,9558333","37,26768707",17,"37,03333333","205,475","32,9"
2022-11-07,2,0,1,16,"24,4",109334,36,541,199,25,"42,29021204","26,92903333",7,17,44,10,28,58,70,"10,385","107,6053571","144,0431034","21,21142857","8,216666667","31,8","82,95833333","17,54166667"
2022-11-08,3,0,1,"15,8","24,5",109334,36,483,183,18,"3699,437921","13,26008333",16,16,64,4,26,59,65,"22,99166667","51,61987179","199,0271186","19,35384615","18,55833333","47,975","169,6","16,6"
2022-11-09,4,0,1,"16,6","24,1",109334,36,477,156,22,"25,78996667","12,15716667",5,10,30,8,22,58,44,"17,61666667","31,07424242","184,7212644","42,36439394",13,"28,36666667","140,5916667","28,84166667"
2022-11-10,5,0,1,"17,3","25,6",109334,36,481,169,22,"17,9474825","12,59388333",18,15,32,11,25,38,61,"19,67424242","58,45733333","226,0877193","31,81612022",18,"48,63333333","169,7333333","22,45"
2022-11-11,6,0,1,"18,8","27,6",109334,36,453,120,15,"-2713,780542","9,196666667",7,4,33,13,23,26,33,"17,90769231","41,47318841","110,6019231","34,07626263",15,"37,01666667","58,775","24,4"
2022-11-12,7,0,0,"20,2","26,8",109334,36,377,116,28,"-2429,955523","11,61343333",9,9,23,14,18,28,29,"20,23571429","59,67592593","168,4428571","55,57816092",16,"32,30833333","138,5666667","33,73333333"
2022-11-13,1,0,0,"18,7","25,1",109334,36,342,106,17,"189,0256933","19,482275",12,7,1,8,22,25,36,"12,8","36,19090909","212,7833333","39,50972222","10,59166667","31,48333333","114,75","34,30833333"
2022-11-14,2,0,1,"15,6","23,5",109334,36,467,210,31,"30,07041061","18,32263333",19,19,154,10,32,64,72,"22,765","92,59895833","219,3356771","27,2650463","23,34166667",37,"141,2083333","22,31666667"
2022-11-15,3,0,1,"16,3","32,7",109334,36,417,168,31,"282,358316","16,34335833",25,12,217,9,25,46,53,"14,86666667","40,67666667","136,9003623","25,96540881",15,"40,91666667","110,575","14,21666667"
2022-11-16,4,0,1,"19,4","29,6",109334,36,442,172,46,"37,76082742","31,79845",19,14,148,12,26,29,53,"16,57083333","50,07179487","195,0241379","21,7572327","18,2","48,2","139,5166667","13,6"
2022-11-17,5,0,1,"21,1","29,6",109334,36,421,121,17,"42,42253939","9,294283333",14,4,16,7,19,34,35,"30,86666667","31,68947368","207,2343137","23,12666667",20,"28,98333333","176,95","19,25"
2022-11-18,6,0,1,"21,3",28,109334,36,403,121,28,"14,79693509","10,16555",7,7,19,10,14,31,37,"160,63","139,6333333","180,6892473","62,23783784","13,5","43,5","143,7","44,63333333"
2022-11-19,7,0,0,"22,5","29,8",109334,36,357,116,26,"21,27258667","15,5976",4,11,5,12,31,23,28,"19,83611111","38,91129032","177,2688406","25,70357143","19,74166667","29,95","84,95","12,50833333"
2022-11-20,1,1,0,"17,8","29,5",109334,36,323,113,24,"25,09804074","15,70808333",7,10,9,10,24,25,34,"18,77","89,27430556","144,516","26,04411765","14,33333333","28,19166667","84,75","24,31666667"
2022-11-21,2,1,0,"14,7","19,6",109334,36,365,108,16,"15,15543182","11,80095",3,2,3,10,23,32,29,"12,65","30,5884058","107,8484375","9,866091954","11,5","28,15","73,30833333","6,466666667"
2022-11-22,3,0,1,"13,3","24,2",109334,36,441,144,15,"46,85235606","10,76716667",10,8,3,6,15,40,50,"23,63055556","35,19777778","104,3870833","16,673","15,91666667",34,"76,76666667","13,55833333"
2022-11-23,4,0,1,"14,8","28,6",109334,36,480,173,21,"27,09578922","7,692716667",9,10,23,9,17,45,58,"30,96851852","57,84901961","127,8614815","40,3704023","17,66666667",47,"90,06666667","15,83333333"
2022-11-24,5,0,1,"18,5","31,9",109334,36,423,169,19,"12,89499744","11,7415",8,14,18,11,24,31,59,"15,28636364","39,94722222","206,572043","28,08757062",15,"37,36666667",126,"19,18333333"
2022-11-25,6,0,1,"17,2","29,8",109334,36,400,141,17,"11,19780208","7,423883333",30,13,10,15,26,33,44,"20,99888889","35,86602564","199,6646465","26,2905303","14,8",32,"120,0666667","18,125"
2022-11-26,7,0,0,"20,1","28,4",109334,36,291,92,18,"26,56852833","7,46605",9,5,9,16,20,16,23,"21,68020833","31,19666667","162,4770833","19,3884058","16,5","27,51666667","149,9833333","13,58333333"
2022-11-27,1,0,0,"21,7","29,1",109334,36,348,99,14,"16,6181375","14,013475",10,8,3,3,25,25,27,"13,3","42,55666667","200,564","25,93703704",13,"23,96666667","95,2","12,93333333"
2022-11-28,2,0,1,"22,3",30,109334,36,478,185,31,"29,50851833","16,04805833",13,14,38,15,20,45,64,"26,90444444","35,95166667","227,9396296","27,775","23,51666667","26,73333333","128,9","22,525"
2022-11-29,3,0,1,"22,7","32,1",109334,36,442,177,25,"30,31227315","22,57761667",18,11,45,10,24,43,71,"21,31833333","49,34166667","273,8093023","38,81267606","15,33333333",43,"160,1166667","29,75"
2022-11-30,4,0,1,"23,4","28,1",109334,36,365,160,30,"-60529,06359","5,287716667",21,10,49,14,24,40,52,"25,275","50,79652778","196,9925","62,35160256","16,08333333","36,83333333","120,925","32,63333333"
2022-12-01,5,0,1,"17,8","24,4",109242,36,441,153,26,"10,4311631","7,817775",11,10,12,8,19,31,64,"40,01666667","120,3736842","178,7827957","36,17057292","26,09166667","34,61666667","179,5","28,19166667"
2022-12-02,6,0,1,"15,6","24,3",109242,36,396,140,21,"17,61138056","13,68635833",10,10,7,10,25,23,60,"24,77166667","138,7933333","283,9246377","40,35472222","24,15",41,"175,4666667","31,81666667"
2022-12-03,7,0,0,"18,6","25,6",109242,36,302,125,22,"14,97021667","5,772166667",6,14,5,11,24,18,50,"27,08181818","94,97291667","88,60092593","28,62333333",21,"26,875","64,675","22,99166667"
2022-12-04,1,0,0,"18,8","28,7",109242,36,400,127,24,"41,28545952","12,31119167",5,8,11,15,15,22,56,"18,96666667","128,4144444","219,8143939","53,32470238",17,"27,96666667",123,"46,7"
2022-12-05,2,0,1,"23,1","31,6",109242,36,476,228,37,"1981,979752","12,18675",27,25,32,14,35,38,105,"30,43809524","83,59952381","310,0254386","40,59777778","17,5","53,46666667","213,95","34,23333333"
2022-12-06,3,0,1,"23,2","32,9",109242,36,428,186,40,"32,51174783","25,19473333",23,14,105,6,18,22,98,"18,35833333","73,55648148","315,9409091","47,7702381","13,56666667","56,46666667","246,15","34,85833333"
2022-12-07,4,0,1,"25,1","33,3",109242,36,395,209,26,"42,58466176","21,04945",18,8,86,12,18,28,116,"43,98611111","52,40833333","170,9047619","35,83247126",33,"47,01666667","130,65","28,94166667"
2022-12-08,5,1,0,"21,1","34,8",109242,36,333,167,39,"26,04134855","16,24843333",15,15,22,5,35,26,68,"22,38","37,41857143","128,0147436","24,4",20,"33,11666667",100,"11,825"
2022-12-09,6,1,0,"22,4","34,6",109242,36,255,144,18,"3059,709458","17,76599167",9,8,7,8,29,20,70,"193,4895833","86,79712644","101,1908333","30,00690476","17,64166667",30,"68,275","25,23333333"
2022-12-10,7,0,0,"21,6",28,109242,36,402,183,35,"25,09857857","8,140116667",15,16,8,13,28,24,93,"23,82051282","64,73214286","104,5520833","27,32258065","12,78333333","47,56666667","50,775","17,06666667"
2022-12-11,1,0,0,"23,8","35,9",109242,36,377,153,18,"31,33628788","22,18321667",9,21,14,13,23,17,86,"21,77051282","99,80507246","191,6833333","22,05310078",17,34,"81,33333333","13,85"
2022-12-12,2,0,1,"18,4","27,6",109242,36,574,241,22,"46,15140333","14,91803333",33,17,56,15,31,33,129,"28,72111111","72,76666667","297,3353535","47,30749354","23,76666667",59,"169,2","36,63333333"
2022-12-13,3,0,1,"16,8","26,5",109242,36,415,182,30,"15,28737315","9,904891667",13,10,54,9,20,21,92,"16,39814815","74,49666667","204,0753968","35,85815217",16,"29,63333333","186,0833333","26,48333333"
2022-12-14,4,0,1,"20,5","30,7",109242,36,441,197,28,"15,87848611","9,274416667",20,10,41,11,27,25,105,"25,56060606","34,39444444","158,402","55,90285714",27,"33,9","102,6","45,6"
2022-12-15,5,0,1,"18,6","29,1",109242,36,430,159,38,"70,54225797","18,35256667",20,12,87,15,13,18,73,"27,61333333","72,81410256","204,2425926","43,40022831","20,81666667","51,95","171,575","32,91666667"
2022-12-16,6,0,1,"17,3","23,1",109242,36,410,161,23,"101,8229917","15,54444167",8,4,44,9,15,18,94,"22,20185185","86,73777778","202,9731481","50,19609929","15,96666667","30,98333333","154,4166667","36,58333333"
2022-12-17,7,0,0,"17,4","25,1",109242,36,333,139,30,"13,37646754","11,76445",7,12,6,17,29,16,56,"21,63529412","42,52586207","147,19375","47,65833333","19,93333333",38,"59,11666667","17,30833333"
2022-12-18,1,0,0,"19,5","27,2",109242,36,165,92,20,"25,98677","20,08261667",9,2,12,11,18,8,37,"21,50606061","38,46944444","216,8229167","17,72297297",23,"32,475","55,875","11,76666667"
2022-12-19,2,0,1,"20,4","27,8",109242,36,509,197,41,"36,2379131","30,62238333",22,8,117,19,21,18,93,"109,9877193","50,71904762","167,487037","19,03172043","26,36666667",41,"86,9","14,28333333"
2022-12-20,3,0,1,"21,6","29,6",109242,36,356,150,35,"29,47811288","16,74828333",15,11,80,14,19,6,69,"16,03690476","41,27807018","119,2638889","26,3173913","13,81666667","26,46666667","22,63333333","14,01666667"
2022-12-21,4,0,1,"20,8","28,1",109242,36,433,150,25,"76,40416019","14,29091667",25,4,59,9,13,19,79,"18,52407407","249,6128205","99,00263158","30,28670886","15,65","42,1","61,98333333","16,13333333"
2022-12-22,5,0,1,"21,7","30,1",109242,36,383,133,19,"225,7960077","15,67338333",26,10,42,18,20,19,53,"31,48796296","88,74583333","194,1333333","52,00974843","22,76666667","62,84166667",153,"35,85"
2022-12-23,6,0,1,"21,1","27,1",109242,36,325,125,20,"27,63852024","18,225525",6,4,5,11,19,10,65,"27,61818182","36,74122807","151,575","39,68461538",30,30,"118,6333333","20,5"
2022-12-24,7,0,0,"17,5","24,2",109242,36,196,75,10,"17,77229722","12,91741667",2,9,1,6,14,12,32,"30,80277778","34,09642857","78,18333333","16,73072917","26,85","26,225","66,96666667","10,725"
2022-12-25,1,1,0,"13,7","24,1",109242,36,220,65,12,"48,05884074","11,45771667",4,1,2,8,15,5,27,"22,575","131,9688889","80,70333333","16,5617284","16,85",34,"52,8","8,983333333"
2022-12-26,2,0,1,"16,8","26,6",109242,36,472,173,22,"16,73847024","15,69084167",9,8,13,12,17,24,81,"20,03194444","52,43921569","132,3291667","50,04341564","21,39166667","31,36666667","124,3833333","37,71666667"
2022-12-27,3,0,1,"19,2","29,6",109242,36,380,170,21,"12,98252444","9,407833333",16,12,7,11,30,27,70,"15,79242424","62,89777778","123,9567901","45,41166667",16,"38,06666667","93,66666667","31,46666667"
2022-12-28,4,0,1,"20,8","31,1",109242,36,367,177,24,"16,85790882","10,29255",17,15,8,8,23,28,79,"28,1875","65,28550725","161,2327381","48,2556962",27,"45,38333333","107,2083333","40,45"
2022-12-29,5,0,1,"18,7","27,6",109242,36,362,122,18,"145,7382361","31,73221667",10,14,6,9,12,15,61,"24,71111111","80,59861111","126,2955556","41,76994536","24,91666667","41,5","85,18333333","37,43333333"
2022-12-30,6,0,1,"21,3","35,1",109242,36,348,130,31,"23,97281944","7,819058333",5,7,24,15,18,17,45,"17,45888889","38,69259259","144,2901961","43,37111111","14,55","31,86666667","150,2833333","25,63333333"
2022-12-31,7,0,0,"22,2",29,109242,36,203,72,24,"14,16398452","10,31575",4,3,4,11,15,1,24,"14,63939394","36,19222222","123,1833333","35,66666667",15,29,"123,1833333","15,23333333"
2023-01-01,1,1,0,"19,5","26,6",109641,37,164,54,17,"9,954638095","5,433666667",4,1,3,6,18,6,11,"15,73055556","36,10092593","43,11388889","16,88181818","16,725",29,"29,70833333","7,733333333"
2023-01-02,2,0,1,"16,9","30,7",109641,37,446,125,12,"17,87717037","11,49295",8,7,3,10,21,13,59,"19,34","43,54365079","159,2076923","28,35169492","19,65833333",34,"117,5333333","20,3"
2023-01-03,3,0,1,19,"32,6",109641,37,379,124,22,"23,25911538","10,326",11,7,9,9,27,17,43,"14,55925926","45,46111111","176,6372549","33,84418605",12,32,"111,5333333","29,25"
2023-01-04,4,0,1,"18,8","28,1",109641,37,345,130,21,"18,39111889","9,4955",12,8,14,13,18,27,44,"24,94230769","55,99537037","201,7993827","41,03939394","11,23333333","50,38333333",98,"28,825"
2023-01-05,5,0,1,20,"31,9",109641,37,321,103,19,"3612,172847","11,11235833",9,9,4,7,14,16,34,"16,9952381","47,3202381","155,8364583","51,25392157",14,"25,175","100,7666667","33,35833333"
2023-01-06,6,0,1,"23,3","32,1",109641,37,290,89,22,"3066,549333","11,44321667",5,10,10,11,10,12,26,"65,02878788","38,51166667","118,6486111","68,06346154","18,93333333","36,74166667","104,1916667","42,3"
2023-01-07,7,0,0,"22,5","30,6",109641,37,264,80,16,"9,748855","6,32625",2,9,2,7,16,11,29,"20,3952381","40,75520833","55,44090909","21,71609195",21,"29,925","40,51666667","9,133333333"
2023-01-08,1,0,0,"22,8","29,6",109641,37,243,67,19,"85,11516111","8,82045",1,6,1,6,14,7,21,"21,71388889","35,7952381","80,41666667","27,06825397","22,95",26,"35,36666667","21,21666667"
2023-01-09,2,0,1,"22,5","29,1",109641,37,408,121,45,"16,46224483","10,30216667",15,6,30,17,15,13,30,"29,62352941","32,62222222","134,8064103","49,18555556","20,56666667",23,"70,56666667","30,10833333"
2023-01-10,3,0,1,"22,6","29,9",109641,37,339,122,22,"27,2776225","5,1022",6,8,21,17,16,18,38,"49,82156863","37,16458333","244,3027778","35,82192982","18,7","30,15833333","247,825","22,5"
2023-01-11,4,0,1,"23,4","28,6",109641,37,341,97,40,"3259,183522","11,4552",5,5,41,12,18,10,20,"20,09861111","48,34814815","82,15833333","34,50916667","16,175","41,275","86,01666667","22,65"
2023-01-12,5,0,1,"18,2","30,6",109641,37,365,78,10,"28,22890833","13,43558333",1,3,15,5,14,11,27,"25,01","38,58571429","176,0757576","25,65123457","16,08333333","35,5","127,1","22,76666667"
2023-01-13,6,0,1,"21,5","30,8",109641,37,329,105,36,"77,79210909","17,629975",6,1,24,13,11,17,29,"15,81666667","51,27727273","243,4411765","35,87816092",15,35,"166,0333333","20,81666667"
2023-01-14,7,0,0,"20,3",31,109641,37,268,69,26,"58,60426538","14,27166667",3,7,22,11,15,8,17,"12,81515152","36,75111111","52,14375","64,27352941",12,30,"38,05","13,98333333"
2023-01-15,1,0,0,"23,5","33,1",109641,37,202,70,17,"50,19406944","19,80410833",6,9,4,8,18,5,23,"29,775","25,33055556","197,6733333","25,28478261","28,5",21,"39,88333333","15,28333333"
2023-01-16,2,0,1,"24,8","32,7",109641,37,367,145,40,"82,21350267","11,73511667",14,12,31,15,25,20,37,"27,31777778","99,662","155,1291667","28,61801802","23,08333333",29,"63,7","17,91666667"
2023-01-17,3,0,1,"25,8","34,2",109641,37,320,100,24,"33,48963235","15,73588333",9,5,18,14,20,17,22,"19,57142857","151,7783333","177,1754902","38,89772727","14,61666667","35,825","91,3","27,33333333"
2023-01-18,4,0,1,"22,4",29,109641,37,355,98,30,"227,0700833","7,513883333",2,2,31,11,16,14,25,"19,01969697","297,5875","147,8142857","42,58266667",15,"26,65833333","83,03333333","17,98333333"
2023-01-19,5,0,1,"23,6","30,6",109641,37,314,81,20,"28,65875","11,17966667",5,10,4,7,18,9,23,"50,98809524","43,15740741","123,8666667","23,2673913","19,11666667",35,"71,51666667","24,11666667"
2023-01-20,6,0,1,"21,3","31,6",109641,37,319,87,19,"13,84654242","14,8931",3,8,15,10,12,11,27,"74,07","40,2","89,07272727","18,57345679","16,85","40,40833333","66,33333333","9,733333333"
2023-01-21,7,0,0,"21,9","32,6",109641,37,283,67,16,"14,25828939","11,17728333",3,7,0,14,13,11,17,"16,9297619","35,79102564","126,430303","53,20392157","9,366666667","28,13333333","95,55","18,26666667"
2023-01-22,1,0,0,"22,5","35,2",109641,37,260,73,22,"36,30263333","12,62173333",6,4,10,8,20,14,15,"21,31041667","173,9808333","179,3440476","38,89222222","19,11666667","33,05","95,30833333","13,48333333"
2023-01-23,2,0,1,"22,3","29,5",109641,37,406,114,38,"38,58362899","16,03416667",6,4,16,14,20,19,23,"14,21666667","28,645","101,7342105","40,90289855",12,"26,94166667","74,76666667","20,21666667"
2023-01-24,3,0,1,23,"33,6",109641,37,364,109,22,"16,09604306","9,512133333",14,5,10,8,15,22,32,"16,58958333","35,98777778","118,3818182","23,07083333","11,80833333",25,"102,5666667","21,94166667"
2023-01-25,4,0,1,"20,9","32,6",109641,37,374,93,17,"28,23097667","26,00805833",7,6,7,6,15,20,32,"16,67777778","123,9788889","146,4466667","48,60677083","13,83333333",32,"125,25","40,3"
2023-01-26,5,0,1,"24,8","31,7",109641,37,386,122,31,"103,2185565","7,55545",8,7,23,16,15,19,24,"19,39791667","60,86444444","120,6578947","23,15555556","17,475",39,"133,05","6,466666667"
2023-01-27,6,0,1,20,"27,7",109641,37,341,98,28,"11,20481111","5,219833333",5,8,2,11,13,13,33,"16,99090909","27,24871795","59,36794872","42,39646465",16,"22,93333333",35,"30,3"
2023-01-28,7,0,0,"21,8","29,3",109641,37,334,72,11,"17,25968611","14,59360833",7,13,0,11,18,9,21,"17,45","123,1","63,83148148","36,13571429","14,53333333","31,25",59,"22,11666667"
2023-01-29,1,0,0,"23,3","28,5",109641,37,291,74,30,"19,68041754","9,73805",2,4,3,7,23,10,11,"19,07142857","26,91521739","65,70166667","17,08484848",15,25,"25,7","13,96666667"
2023-01-30,2,0,1,"21,6","27,6",109641,37,438,113,19,"15,97555694","12,76541667",12,8,5,6,18,25,30,"21,75","24,54166667","209,2166667","31,59833333","20,61666667","21,425","134,1","23,85833333"
2023-01-31,3,0,1,"23,1","28,6",109641,37,368,107,17,"27,91925139","13,74740833",5,8,8,15,16,22,34,"25,98222222","33,51145833","162,8878788","40,43137255","14,66666667","31,96666667","111,2416667","37,11666667"
2023-02-01,4,0,1,"23,2","27,4",109731,37,384,87,18,"3723,330728","7,104",14,6,9,5,16,21,21,"28,72666667","59,79895833","234,2126984","42,76190476",17,"46,85833333","156,8333333","29,2"
2023-02-02,5,0,1,"22,2",27,109731,37,351,99,21,"24,90455357","7,086616667",6,8,9,11,20,16,22,"21,93939394","30,96666667","104,7989583","34,21666667","12,73333333","22,06666667","92,64166667","33,93333333"
2023-02-03,6,0,1,"19,2","26,6",109731,37,377,73,22,"10,01081667","4,789083333",6,4,5,14,10,15,14,"26,4047619","38,53666667","197,1666667","51,15714286","15,73333333","27,15833333","182,35","21,25"
2023-02-04,7,0,0,"18,8","29,8",109731,37,287,72,16,"17,79899487","9,639",2,5,8,13,9,10,23,"28,43076923","42,80185185","77,095","35,33115942",25,"23,9","62,28333333","26,38333333"
2023-02-05,1,0,0,"19,2","29,1",109731,37,258,57,8,"7,93995","8,604608333",3,8,0,5,16,12,16,"42,07333333","43,134375","154,7986111","13,54166667",26,"23,5","99,49166667","12,36666667"
2023-02-06,2,0,1,"22,3","31,6",109731,37,395,132,42,"-11926,60017","6,059191667",10,5,20,12,20,33,23,"16,83333333","105,0833333","162,8348485","31,45942029","17,525","37,69166667","110,1666667","24,63333333"
2023-02-07,3,0,1,"23,8","32,1",109731,37,374,126,32,"11,47505648","8,807975",14,10,11,9,27,16,42,"16,24444444","33,77592593","184,8364583","44,23928571",14,"28,41666667","118,5833333","27,7"
2023-02-08,4,0,1,"25,2","31,3",109731,37,356,89,15,"15,25710556","8,187166667",7,3,10,7,15,21,26,"22,15","40,81888889","98,20714286","47,03782051",23,"34,51666667","91,68333333","26,03333333"
2023-02-09,5,0,1,"22,8","32,1",109731,37,312,107,33,"8,39019127","7,65105",13,8,8,9,17,17,23,"23,93518519","228,704902","229,1303922","48,76884058","23,21666667",46,"186,5666667","21,28333333"
2023-02-10,6,0,1,"25,2","34,1",109731,37,315,94,35,"46,15282821","10,32578333",10,8,20,7,22,14,16,"60,77142857","170,7757576","158,8595238","85,86145833","28,68333333","37,44166667","136,3833333","28,21666667"
2023-02-11,7,0,0,27,"36,6",109731,37,236,108,31,"18,670765","14,27639167",9,6,3,14,26,19,23,"38,225","35,89358974","138,354386","55,40869565","20,5","36,24166667","109,2333333","28,53333333"
2023-02-12,1,0,0,"27,9","36,5",109731,37,250,72,20,"30,58372692","5,433216667",9,8,3,7,18,9,23,"219,0333333","55,86018519","192,1611111","58,41811594",29,"38,29166667","156,2333333","18,9"
2023-02-13,2,0,1,"23,1","32,2",109731,37,382,125,34,"106,4474174","18,622",14,9,18,10,14,28,31,"16,015","142,0119048","185,4541667","13,82795699","16,75","49,575","146,8583333","8,616666667"
2023-02-14,3,0,1,"22,8","33,8",109731,37,374,102,27,"189,6168353","8,893833333",18,5,26,8,16,25,20,"190,0958333","51,00208333","131,202","9,785833333","17,725","36,25","80,15","7,075"
2023-02-15,4,0,1,"20,8","28,8",109731,37,374,83,19,"13,66458485","5,614433333",6,4,15,6,18,17,19,"28,58611111","45,3712963","134,2578431","58,6","20,00833333","36,175","121,55","20,11666667"
2023-02-16,5,0,1,14,"27,8",109731,37,362,101,21,"62,48432813","13,83358333",13,6,27,7,20,21,27,"20,28809524","63,10166667","129,7063492","28,0617284",14,"35,50833333","104,85","20,26666667"
2023-02-17,6,0,1,"8,3","15,9",109731,37,320,103,19,"144,3540819","2,993525",15,1,5,11,19,20,28,"14,01515152","42,46754386","220,0308333","44,47916667",14,34,"143,5333333","23,26666667"
2023-02-18,7,0,0,"9,4","23,7",109731,37,293,73,17,"12,01016061","13,96321667",4,3,0,6,15,17,16,"27,71388889","41,39","184,3715686","14,48541667","18,64166667","35,61666667","120,8666667","13,14166667"
2023-02-19,1,0,0,"15,8","25,6",109731,37,239,69,16,"20,05981786","11,06761667",2,5,4,9,20,16,10,"15,1462963","118,6375","97,98125","49,36833333",17,"29,5","72,55833333","44,2"
2023-02-20,2,1,0,"18,3","27,6",109731,37,267,76,22,"10,34851333","7,151766667",4,1,9,4,17,16,19,"8,4","28,87254902","93,83229167","36,09385965","6,075",28,"67,425","8,666666667"
2023-02-21,3,1,0,"20,4","29,5",109731,37,318,99,31,"56,96962281","15,50721667",6,4,24,7,17,28,18,"19,1","108,8107843","91,22202381","17,13703704","17,03333333",24,"73,74166667","11,125"
2023-02-22,4,0,1,"21,4","32,6",109731,37,416,114,31,"35,70787333","13,17333333",14,4,49,7,12,27,28,"17,44285714","153,1833333","246,1753086","35,41369048","21,48333333","30,825","234,6333333","30,81666667"
2023-02-23,5,0,1,"22,4","31,7",109731,37,387,125,42,"33,070356","19,3271",9,9,58,8,19,17,37,"12,55","120,3894737","160,7245098","33,52207207",12,"31,58333333",140,"33,73333333"
2023-02-24,6,0,1,"22,3","29,6",109731,37,332,98,21,"21,41231778","5,037783333",7,10,0,8,11,18,25,"32,09791667","50,70606061","158,5527778","37,192","25,18333333","35,6","155,2833333","26,43333333"
2023-02-25,7,0,0,"20,8","30,1",109731,37,284,81,25,"29,09278214","28,90159167",9,7,12,16,12,15,13,"16,03125","36,28333333","202,4344444","21,16666667","16,7","32,71666667","146,0166667","8,3"
2023-02-26,1,0,0,18,"26,2",109731,37,293,63,6,"177,5420167","7,941",7,6,1,4,6,13,23,"17,34166667","38,5","144,7833333","25,21884058",11,"42,76666667","70,05","10,93333333"
2023-02-27,2,0,1,"20,5","28,1",109731,37,373,116,21,"10,99024103","6,5319",3,11,7,12,16,25,27,"21,83611111","175,1052083","172,8253333","26,41481481","16,69166667",47,"119,4333333","19,68333333"
2023-02-28,3,0,1,"22,5","32,6",109731,37,421,102,15,"-3993,271404","9,256666667",10,9,40,8,17,22,24,"22,4","46,30098039","164,355303","65,19791667","15,75","38,78333333","81,81666667","18,075"
2023-03-01,4,0,1,"23,5","34,1",109797,37,350,86,13,"4445,305543","11,71546667",8,3,12,10,12,28,17,"77,16833333","145,8777778","173,875","33,35098039","20,15","31,00833333","90,94166667","8,55"
2023-03-02,5,0,1,"23,5","34,3",109797,37,367,88,21,"54,43838056","30,17616667",6,2,26,11,6,15,25,"22,93181818","50,50833333","135,0888889","52,568",17,39,104,"26,06666667"
2023-03-03,6,0,1,"23,9","32,1",109797,37,361,85,17,"3950,647971","14,18766667",20,5,7,5,23,19,9,"42,65333333","76,90144928","156,8815789","42,63888889",29,62,"105,8","32,43333333"
2023-03-04,7,0,0,"23,6","34,7",109797,37,322,91,22,"15,68933333","14,15155833",4,5,5,11,19,21,19,"22,13030303","37,76140351","79,16825397","39,15438596","16,53333333","27,6","71,86666667","10,35"
2023-03-05,1,0,0,"23,1","29,7",109797,37,282,79,19,"24,37852083","24,91971667",2,9,4,10,15,18,21,"159,7566667","27,46444444","90,54444444","93,03253968","13,35833333",29,"44,76666667","30,83333333"
2023-03-06,2,0,1,"25,1","32,1",109797,37,455,136,22,"3024,969133","25,10144167",15,12,49,14,23,34,35,"24,15119048","69,66521739","160,1617647","25,96666667",22,"35,65","124,7833333","23,35"
2023-03-07,3,0,1,"22,2","30,6",109797,37,407,119,24,"34,58410111","16,06378333",16,12,96,11,12,32,40,"26,19848485","56,39444444","202,8510417","33,90916667","27,71666667","42,375","154,5","24,53333333"
2023-03-08,4,0,1,"24,8","30,5",109797,37,364,110,16,"8,771509722","6,815166667",10,9,42,7,15,31,33,"22,32619048","29,83888889","158,9543011","48,6040404","15,15",22,"86,41666667","28,6"
2023-03-09,5,0,1,"24,1","31,6",109797,37,389,95,21,"29,69587059","7,491783333",8,5,22,2,14,22,25,"15,93333333","231,6071429","217,355303","40,77466667","15,93333333","41,48333333","155,125","23,13333333"
2023-03-10,6,0,1,"25,1","33,1",109797,37,363,122,40,"10,869125","6,504641667",15,12,18,11,26,25,19,"34,54242424","53,15192308","189,0266667","49,94210526","29,61666667","45,5","154,5","23,46666667"
2023-03-11,7,0,0,"26,5","35,6",109797,37,304,75,19,"31,70275","14,53728333",11,7,27,11,16,18,15,"27,63333333","48,85","114,1759259","31,25888889","18,31666667","44,025","92,975","11,85"
2023-03-12,1,0,0,"27,8","34,6",109797,37,293,97,29,"57,02445313","18,0402",11,12,70,14,19,17,28,"19,36309524","126,4096491","273,2","36,62559524","14,51666667","45,25","208,4","11,3"
2023-03-13,2,0,1,"26,4","31,8",109797,37,510,120,19,"43,43645938","17,17325",14,13,77,10,23,28,28,"167,0483333","53,09782609","204,539881","12,33809524","27,10833333",40,"112,625",11
2023-03-14,3,0,1,"27,4","35,1",109797,37,412,120,34,"331,522325","13,088975",20,4,52,11,18,26,30,"82,31969697","50,19259259","289,0211538","38,49166667","22,93333333","49,06666667","208,075","21,66666667"
2023-03-15,4,0,1,"24,5","30,6",109797,37,386,133,26,"31,38880278","14,33915833",16,13,62,12,18,30,33,"24,39027778","117,0175926","193,1172222","39,43535354","19,83333333","34,84166667","138,4333333","18,33333333"
2023-03-16,5,0,1,25,"29,2",109797,37,437,122,28,"28,00596222","21,57973333",22,10,58,14,16,36,25,"28,79642857","100,715625","165,337037","25,02933333","18,8","62,15833333","113,75","20,36666667"
2023-03-17,6,0,1,"25,2","31,5",109797,37,385,113,27,"14,56607292","11,70848333",8,12,41,7,23,21,30,"40,77619048","55,62826087","153,518254","66,57277778",32,42,"110,3166667","18,1"
2023-03-18,7,0,0,"23,3",29,109797,37,347,89,21,"42,18843333","24,64263333",5,7,19,9,20,22,21,"38,25925926","40,20166667","139,7795455","27,67063492","15,61666667","34,35","103,4916667","17,43333333"
2023-03-19,1,0,0,"22,3","28,8",109797,37,313,93,19,"203,4658","10,19608333",2,7,17,6,15,32,23,"23,33333333","30,06555556","99,93072917","26,22536232",24,"29,83333333","66,28333333","8,683333333"
2023-03-20,2,0,1,"18,8","26,7",109797,37,482,120,19,"197,4268056","35,9345",15,7,47,8,22,29,35,"12,07083333","39,74015152","247,3925287","19,24952381","12,00833333","34,15833333",135,"17,95"
2023-03-21,3,0,1,21,"26,3",109797,37,469,130,25,"103,1784933","10,84374167",20,12,25,16,18,29,34,"24,66041667","40,96574074","149,7413793","28,10588235","18,7",50,"58,23333333","21,31666667"
2023-03-22,4,0,1,"20,1","25,1",109797,37,458,123,21,"13,76759872","10,47221667",13,6,5,12,26,38,28,"138,1305556","61,28461538","182,4789474","35,36190476","22,3","33,73333333","146,15","23,025"
2023-03-23,5,0,1,"21,8","27,3",109797,37,353,120,21,"13,31426282","6,681666667",5,8,5,10,21,24,37,"17,165","58,51111111","208,6520833","38,61171171","18,11666667","45,21666667",179,"21,86666667"
2023-03-24,6,1,0,"21,6","26,3",109797,37,366,79,26,"228,3743096","11,70211667",14,4,7,10,14,11,22,"15,78333333","31,99166667","87,41515152","72,27272727","14,78333333","28,675","76,28333333","24,1"
2023-03-25,7,0,0,"19,8","27,1",109797,37,368,133,42,"16,88541232","11,84683333",2,9,18,8,26,30,29,"23,86458333","32,26987179","171,5272222","50,25402299",21,"30,725","116,0666667","17,5"
2023-03-26,1,0,0,"14,4","24,3",109797,37,318,85,16,"28,69194889","22,62766667",4,9,19,12,19,19,22,"25,53611111","102,2736842","187,8850877","26,80227273","24,3",28,"157,95","24,49166667"
2023-03-27,2,0,1,"18,1","25,1",109797,37,500,163,17,"28,44945","19,98061667",15,12,38,11,21,39,58,"19,42878788","68,55952381","199,7581197","50,83735632","17,93333333",31,"144,8666667","44,33333333"
2023-03-28,3,0,1,"21,6","28,7",109797,37,490,144,32,"199,8465735","31,192575",14,16,20,4,22,37,41,"18,09166667","47,01287879","201,9324324","29,44674797",20,"48,4","195,3","26,2"
2023-03-29,4,0,1,"19,4","28,6",109797,37,422,169,37,"92,96521812","21,82026667",21,16,86,12,20,45,48,"28,78194444","52,60916667","183,5692593","58,81631944","18,6",36,"181,1833333","37,95833333"
2023-03-30,5,0,1,"14,8","22,9",109797,37,462,150,34,"48,64497014","34,83210833",13,11,62,13,21,33,40,"25,23333333","46,75396825","232,8429293","29,44333333","20,35",37,"201,2","23,74166667"
2023-03-31,6,0,1,"16,9","22,7",109797,37,450,104,24,"16,70495889","5,737783333",14,6,40,10,10,27,25,"19,36666667","35,34","261,2154321","56,608","20,58333333","32,725",203,"32,75"
2023-04-01,7,0,0,"11,3","19,7",109984,37,368,101,24,"32,09791905","20,06008333",8,7,2,9,19,26,26,"15,95555556","38,10087719","178,0891026","38,88269231",10,30,"118,225","9,908333333"
2023-04-02,1,1,0,"16,7","21,2",109984,37,369,98,22,"7361,277082","15,56155",7,4,7,14,20,33,14,"133,9869048","39,02083333","228,2969697","151,2011905","19,075",35,"171,7166667","45,25833333"
2023-04-03,2,0,1,"15,5","21,3",109984,37,509,177,18,"12,19293333","7,744116667",16,12,33,10,17,55,63,"15,03","45,50294118","233,7733333","37,47962963","16,89166667","38,01666667","149,6666667","29,23333333"
2023-04-04,3,0,1,"16,8","22,7",109984,37,496,161,29,"39,5959","16,25373333",21,10,58,15,18,51,47,"18,13888889","56,27037037","263,3643791","25,61205674",15,"33,5","211,9666667","18,81666667"
2023-04-05,4,0,1,19,"24,2",109984,37,455,126,32,"21,21869679","14,37958333",21,7,96,15,13,36,27,"26,73","149,9346154","143,6157407","32,11481481",26,37,"115,5916667","14,21666667"
2023-04-06,5,0,1,"19,4","24,1",109984,37,387,99,18,"12,03424231","11,42366667",16,13,6,9,17,29,16,"59,5462963","40,56960784","156,5528736","23,59166667","17,76666667",29,"138,8166667","18,90833333"
2023-04-07,6,1,0,"19,1","23,1",109984,37,360,92,27,"11,44432708","9,155333333",4,4,8,12,16,13,28,"14,73055556","28,509375","116,8076923","40,16607143","12,18333333",23,"68,68333333","21,75"
2023-04-08,7,0,0,"17,8","24,8",109984,37,348,75,6,"19,730325","9,393833333",6,3,4,8,16,20,24,"33,55208333","39,20416667","125,5691667","25,31736111","27,40833333","29,48333333","112,7416667","8,908333333"
2023-04-09,1,0,0,19,"26,1",109984,37,346,89,19,"3501,881808","13,13888333",3,6,12,17,19,12,25,"32,07843137","35,37894737","88,15694444","18,68066667",16,"28,25",80,"9,2"
2023-04-10,2,0,1,"18,8","25,7",109984,37,573,168,9,"13,10993542","8,700891667",9,16,15,10,23,57,59,"21,43666667","39,96304348","194,3061404","34,85056497","16,31666667","40,13333333","143,7","25,8"
2023-04-11,3,0,1,"19,6","27,5",109984,37,507,150,18,"2673,231753","18,26930833",21,9,32,3,22,58,38,"17,54444444","46,90454545","266,604023","58,21754386",10,"36,1","211,9916667","34,16666667"
2023-04-12,4,0,1,"16,1",25,109984,37,453,147,26,"-14723,05927","11,82338333",15,12,125,9,19,47,40,"24,52592593","69,62368421","154,5287234","43,22291667",23,"39,78333333","108,1333333","34,63333333"
2023-04-13,5,0,1,"10,8","19,5",109984,37,433,168,38,"87,17395435","12,36678333",22,18,111,12,19,38,50,"25,39444444","44,43508772","206,0662281","41,68166667","17,70833333","43,18333333","159,425","33,14166667"
2023-04-14,6,0,1,"10,3","18,6",109984,37,442,154,25,"29,92680313","5,53555",8,15,40,13,18,41,45,"23,57435897","41,17037037","180,9121951","45,37185185",20,"35,3","163,35","31,63333333"
2023-04-15,7,0,0,"14,6","18,3",109984,37,375,131,32,"87,72589545","15,61648333",11,6,28,12,26,36,29,"21,84444444","28,20897436","119,8236111","51,50057471","21,16666667","25,45833333","96,61666667","15,56666667"
2023-04-16,1,0,0,"14,2","18,7",109984,37,376,110,21,"34,13509028","10,76009167",7,13,21,9,17,30,33,"13,40555556","21,13431373","140,6538889","24,7540404","16,38333333",21,"119,95","11,8"
2023-04-17,2,0,1,"13,5","19,6",109984,37,540,191,26,"108,6339676","14,81394167",25,21,24,11,17,62,70,"27,86363636","72,06764706","254,355914","34,56928571",14,"43,88333333","182,85","28,55833333"
2023-04-18,3,0,1,"10,3","18,2",109984,37,490,201,19,"67,58796176","20,07661667",41,18,101,14,27,60,74,"16,81666667","72,95740741","241,0041667","30,03626126","12,14166667","43,06666667","221,0166667","24,475"
2023-04-19,4,0,1,"11,9","19,3",109984,37,447,167,25,"24,52253039","10,67543333",18,9,87,10,21,51,56,"23,40333333","131,352381","155,0973856","46,73928571","18,275",51,"129,15","34,50833333"
2023-04-20,5,0,1,"10,4","19,5",109984,37,423,158,25,"20,39166111","10,78016667",9,18,10,7,18,42,50,"25,43333333","35,61851852","244,2654762","37,50533333",18,"29,4","206,6916667","30,96666667"
2023-04-21,6,0,1,14,"20,8",109984,37,437,119,21,"10,22130833","9,289075",6,13,18,12,14,30,35,"25,92083333","53,4452381","202,8961111","35,22809524","22,3","43,11666667","170,9166667","23,23333333"
2023-04-22,7,0,0,"15,4","22,6",109984,37,379,101,22,"27,83235","16,80225",7,9,6,12,18,19,36,"16,51111111","35,49166667","138,0780702","34,66018519","15,68333333","32,64166667",79,"14,6"
2023-04-23,1,0,0,"15,9","20,7",109984,37,377,99,19,"15,41858667","11,31721667",5,11,10,11,18,29,26,"17,85","53,98888889","241,9632184","16,23589744","16,16666667","42,24166667","159,7666667","7,8"
2023-04-24,2,0,1,"16,5","20,3",109984,37,601,186,22,"25,2093619","11,90535833",17,15,49,8,32,61,55,"23,00833333","62,69375","201,7983607","30,39121212","22,775",38,"150,3166667","21,36666667"
2023-04-25,3,0,1,"17,8","21,7",109984,37,523,159,24,"34,91877292","14,80739167",16,20,66,8,14,41,61,"29,27708333","138,3511905","182,1369919","39,7136612","20,89166667","29,85","149,3833333","38,85"
2023-04-26,4,0,1,"16,4","23,7",109984,37,516,147,25,"14,53401944","10,97700833",10,5,29,7,15,43,49,"17,72380952","41,49888889","204,9054264","40,40204082",16,"27,2","166,6333333","23,53333333"
2023-04-27,5,0,1,"16,8","24,2",109984,37,538,138,24,"13,04435","10,41371667",6,10,71,13,22,33,31,"15,6025641","43,2469697","195,3974747","26,45537634",15,"39,44166667","181,2166667","13,53333333"
2023-04-28,6,0,1,"16,3","24,4",109984,37,441,152,27,"645,55285","18,123425",30,14,59,9,33,26,43,"28,94444444","129,0757576","223,5339744","56,29534884",31,43,"103,8583333","38,2"
2023-04-29,7,0,0,"18,2","24,9",109984,37,411,106,31,"19,69565741","10,26691667",5,4,9,10,15,36,14,"29,11666667","41,96555556","112,5740741","17,24642857","15,39166667","39,36666667","49,975","16,05833333"
2023-04-30,1,0,0,"14,3","27,1",109984,37,397,100,20,"36,00703667","24,76466667",5,14,12,12,18,25,26,"14,75833333","184,3916667","209,8073333","21,90192308","16,00833333","23,66666667","93,03333333","11,19166667"
2023-05-01,2,1,0,"11,1","19,5",110361,37,360,124,27,"28,75674479","13,3722",3,5,13,11,21,36,26,"16,92424242","170,5865079","96,94583333","19,51602564","14,55",29,"54,125","12,64166667"
2023-05-02,3,0,1,"11,3","17,8",110361,37,574,220,28,"10627,44348","35,65628333",39,19,128,13,35,74,59,"20,20897436","43,16809524","233,9378378","16,52768362","18,7","23,33333333","167,6166667","11,36666667"
2023-05-03,4,0,1,"13,3","17,5",110361,37,491,156,19,"10,27411458","7,677025",15,15,57,7,23,55,36,"15,95714286","40,64492754","153,1748485","37,91064815","14,05",27,"134,7","20,95"
2023-05-04,5,0,1,14,"21,4",110361,37,521,175,31,"16,47539314","11,87295",16,21,34,10,22,56,51,"166,455","114,4424242","182,0583333","18,08594771","28,05833333","51,38333333","132,4833333","7,05"
2023-05-05,6,0,1,"16,5","19,9",110361,37,443,141,19,"30,23578929","13,58155833",21,14,24,9,18,49,45,"34,93518519","69,51851852","204,857483","70,43666667","20,85","61,21666667",147,"31,63333333"
2023-05-06,7,0,0,"16,8","20,2",110361,37,406,141,23,"2333,93147","10,8093",13,17,4,11,30,40,39,"16,03181818","96,075","213,79875","22,78632479","15,31666667","40,71666667","160,5833333","19,18333333"
2023-05-07,1,0,0,15,"21,4",110361,37,397,139,21,"5926,08114","16,63411667",9,12,24,13,24,41,39,"26,46153846","36,50763889","143,2504065","19,06452991",19,"27,56666667","102,7833333","14,23333333"
2023-05-08,2,0,1,"11,6","21,7",110361,37,552,207,29,"4777,912066","14,617525",25,24,34,16,31,65,62,"25,621875","89,61505376","180,0620513","34,48010753","22,35833333",29,"104,1666667","29,7"
2023-05-09,3,0,1,"11,8","18,6",110361,37,514,154,31,"43,00712333","18,14575",16,12,52,14,22,42,48,"21,425","47,33409091","308,8400794","34,66666667","18,49166667","29,51666667","221,2666667","25,20833333"
2023-05-10,4,0,1,"12,8","19,9",110361,37,489,179,28,"2294,989399","19,79283333",15,7,40,8,20,63,52,"11,875","52,07","217,2195767","52,54198718",11,"42,525","130,2166667","32,81666667"
2023-05-11,5,0,1,"10,8","15,8",110361,37,512,171,33,"3827,402384","14,07319167",34,12,49,9,29,50,52,"15,82222222","43,14770115","203,9623333","38,68557692","11,61666667",36,"142,2166667","30,15"
2023-05-12,6,0,1,"12,8","18,1",110361,37,485,149,15,"-59414,37942","4,068116667",31,9,63,14,20,57,33,"22,25","57,38","219,3649123","23,52626263","20,24166667","47,76666667","171,5","21,28333333"
2023-05-13,7,0,0,"13,7","22,7",110361,37,418,131,23,"62,91238556","15,68606667",10,9,43,8,26,37,37,"22,725","29,23717949","171,5626126","31,92027027","16,16666667","29,125","165,0333333","20,5"
2023-05-14,1,0,0,"14,3","25,6",110361,37,349,136,24,"27,9186746","12,9099",11,11,9,9,31,46,33,"17,07037037","60,95268817","250,4641304","33,26161616","13,7",27,"203,6916667","18,35"
2023-05-15,2,0,1,"16,8","21,5",110361,37,602,212,35,"51,85541987","12,57580833",24,18,62,7,28,63,70,"34,76904762","66,3","311,3034392","34,93833333","20,03333333","30,03333333","228,4166667","25,01666667"
2023-05-16,3,0,1,"17,1","23,5",110361,37,608,197,36,"51,89902826","11,75828333",33,12,105,10,23,62,55,"23,13666667","62,12463768","392,7403226","55,18060606","13,625",38,"301,7666667","37,58333333"
2023-05-17,4,0,1,"16,7","21,8",110361,37,526,195,37,"38,5294","12,54833333",25,14,100,23,30,49,54,"22,91231884","52,42444444","236,4163265","51,00524691","18,6","41,625","183,05","45,23333333"
2023-05-18,5,0,1,"15,4","22,6",110361,37,556,166,29,"56,70687018","10,1751",25,16,64,11,18,56,49,"34,88030303","45,8287037","213,1529762","56,3085034","20,51666667","44,5","167,4333333","38,21666667"
2023-05-19,6,0,1,"13,8","19,6",110361,37,412,155,34,"14,98005476","12,76505",18,9,19,19,22,43,39,"30,49561404","164,6189394","211,1476744","27,5042735",21,"45,38333333",159,"23,96666667"
2023-05-20,7,0,0,"10,8","16,8",110361,37,452,126,31,"19,72774444","11,34485833",13,9,8,8,14,33,41,"34,1","222,9488095","115,2641414","47,42886179","23,78333333","32,31666667","87,15","16,58333333"
2023-05-21,1,0,0,"14,3","18,7",110361,37,375,170,31,"15,31300455","8,495116667",9,15,22,7,34,58,46,"12,67380952","82,22745098","238,5212644","35,46666667","12,9","29,375","160,5166667","16,11666667"
2023-05-22,2,0,1,"16,6","20,1",110361,37,583,276,32,"67,52599467","11,08345",44,28,87,20,29,62,126,"22,51166667","146,4603448","282,8900538","33,52169312",18,51,"200,3833333","24,14166667"
2023-05-23,3,0,1,"16,8","20,2",110361,37,588,212,38,"70,15699","12,63055",23,21,52,15,23,37,102,"20,98222222","95,90652174","205,3594595","21,2624183",18,33,"150,75","14,38333333"
2023-05-24,4,0,1,18,"21,9",110361,37,495,229,34,"262,9855326","12,34485833",18,19,63,8,26,35,103,"31,56875","97,89935897","240,8595238","39,31423948","26,5","46,80833333","160,05","23,73333333"
2023-05-25,5,1,0,"18,2","20,7",110361,37,378,164,15,"37,17701786","9,99125",6,13,14,11,22,22,82,"23,39393939","38,62424242","130,6530303","22,00853659","21,65","37,48333333","127,2","17,96666667"
2023-05-26,6,1,0,"16,6","21,7",110361,37,394,159,23,"20,58569815","12,08695",8,14,3,7,23,24,85,"16,87619048","37,79710145","163,3548611","32,33431373","17,5","30,31666667","127,05","25,71666667"
2023-05-27,7,0,0,11,"17,6",110361,37,442,185,34,"72,55037101","11,37683333",10,21,28,15,23,50,70,"15,72444444","29,56449275","183,3193333","25,29095238",15,30,"133,175","14,30833333"
2023-05-28,1,0,0,7,"13,6",110361,37,410,162,24,"13,05877821","5,158433333",9,19,12,8,26,28,82,"17,30208333","78,55192308","114,9333333","29,07845528","16,5","24,95","88,86666667","20,90833333"
2023-05-29,2,0,1,"9,2","14,5",110361,37,596,284,25,"17,35601979","14,37903333",23,17,54,15,40,30,156,"30,62111111","74,47125","137,2505556","44,38279915",22,"35,41666667","94,925","37,875"
2023-05-30,3,0,1,"10,6","16,1",110361,37,561,234,27,"99,99195625","29,119325",28,15,111,14,26,29,130,"19,64047619","55,55128205","312,437931","37,80358974","19,125","52,1","238,55","31,51666667"
2023-05-31,4,0,1,"13,5","18,4",110361,37,546,212,24,"39,40212593","19,6097",22,15,84,8,18,29,130,"16,3","37,06203704","177,412069","43,18820513","15,25833333","29,8","115,75","34,03333333"
2023-06-01,5,0,1,"14,8","19,9",110724,37,495,183,19,"37,17624231","5,498666667",23,7,47,11,17,18,114,"27,07424242","61,60392157","275,025","47,67061404","26,08333333",48,"200,2916667","43,80833333"
2023-06-02,6,0,1,"17,2","21,8",110724,37,496,228,38,"3067,661292","16,686525",32,12,100,9,30,25,125,"39,12222222","108,0677778","259,8506667","40,7088","30,03333333","49,06666667",241,"31,48333333"
2023-06-03,7,0,0,"15,1","21,1",110724,37,415,154,18,"5902,199042","26,1425",5,7,14,14,29,16,74,"24,7","128,4534483","187,1802083","30,41554054","25,49166667",33,"117,5","17,13333333"
2023-06-04,1,0,0,14,"19,7",110724,37,456,191,22,"27,96445238","23,22394167",23,12,8,16,27,22,108,"27,95208333","116,9919753","198,9712121","34,32469136","18,21666667","68,45","76,775","24,21666667"
2023-06-05,2,0,1,8,"16,8",110724,37,591,283,25,"2777,385389","21,83058333",21,14,100,16,27,36,166,"29,959375","50,6617284","228,8185185","36,88704819","16,74166667",37,"136,325","27,21666667"
2023-06-06,3,0,1,"11,8","19,5",110724,37,552,256,25,"2546,676474","14,56333333",47,22,54,12,21,38,160,"144,5791667","46,72936508","332,6964912","57,11104167","22,375",32,"218,775","42,8"
2023-06-07,4,0,1,"16,1","20,1",110724,37,516,255,28,"4610,715056","19,50195",25,14,122,14,24,41,147,"22,73690476","86,95138889","229,95","39,27970522",13,"27,5","156,7333333","27,4"
2023-06-08,5,0,1,"16,3","24,1",110724,37,568,221,25,"2488,972402","7,630716667",33,13,43,6,27,32,122,"17,63055556","68,68333333","237,1875","39,57295082","18,00833333","56,13333333","177,1416667","36,05"
2023-06-09,6,0,1,13,"21,9",110724,37,503,197,23,"2305,056133","12,23",25,9,71,11,19,22,114,"149,680303","54,52719298","328,5030303","58,60774854","18,58333333","35,93333333","245,3916667","55,68333333"
2023-06-10,7,0,0,"9,3","13,5",110724,37,392,157,26,"19,36736204","11,43628333",16,15,11,13,20,21,79,"19,16538462","37,32916667","171,034127","30,46687764",15,"30,5","137,2666667","19,7"
2023-06-11,1,0,0,"5,3","11,3",110724,37,395,187,16,"35,12101667","14,06116667",11,8,0,12,22,22,114,"15,15277778","38,71212121","180,119697","39,22090643","15,90833333","32,775","139,175","27,45833333"
2023-06-12,2,0,1,"4,6","13,9",110724,37,510,293,25,"-15903,11654","6,562558333",23,25,43,8,28,48,171,"13,48958333","58,63214286","248,7069444","42,79532164",14,"34,76666667","188,775","36,98333333"
2023-06-13,3,0,1,"5,6","14,6",110724,37,511,259,31,"30,02670476","25,55238333",28,10,81,12,24,31,159,"13,41527778","125,0833333","229,9736559","47,70398323","12,475","43,35","153,0833333","41,43333333"
2023-06-14,4,0,1,"5,1","13,5",110724,37,468,237,21,"94,23030139","17,92225",26,14,42,12,21,38,144,"29,61805556","119,4126984","227,7105263","49,09050926","22,30833333",44,"143,4083333","37,05833333"
2023-06-15,5,0,1,"7,3","13,9",110724,37,481,212,18,"28,6175125","24,45255",15,17,54,10,11,28,143,"12,63833333","68,87121212","271,3732143","53,72296037","12,10833333",55,"174,4","42,33333333"
2023-06-16,6,0,1,"10,3","15,9",110724,37,464,235,45,"49,6347","15,329275",30,15,25,14,28,24,128,"35,65714286","111,925","253,3305556","77,31796875","23,5",64,"189,8916667","64,00833333"
2023-06-17,7,1,0,"7,7","13,4",110724,37,376,201,23,"21,66752353","14,25061667",8,6,11,10,37,30,107,"16,435","39,74774775","142,7444444","37,70778816","15,39166667",36,"109,4083333","23,18333333"
2023-06-18,1,0,0,"4,2","12,6",110724,37,295,131,19,"38,62880758","6,7405",7,5,8,7,27,23,56,"31,27619048","93,72407407","157,2985507","22,69434524","20,66666667","31,38333333","98,3","13,53333333"
2023-06-19,2,1,0,"9,3",14,110724,37,378,216,30,"158,9092025","4,943841667",11,20,7,19,21,39,109,"17,49385965","30,68968254","227,625641","34,38883792","15,18333333","27,08333333","170,8666667","29,85"
2023-06-20,3,1,0,"8,6","14,1",110724,37,445,188,31,"84,18249074","18,5338",18,8,50,14,19,21,104,"23,56904762","40,67368421","284,3626984","51,75016026","20,98333333","40,13333333","222,6166667","37,61666667"
2023-06-21,4,0,1,"12,6","14,8",110724,37,558,261,26,"24,32696563","18,51839167",36,15,65,9,24,36,156,"30,07407407","45,98888889","307,4509259","44,35192308",17,"40,39166667","195,2083333","34,675"
2023-06-22,5,0,1,9,15,110724,37,516,185,19,"102,0283321","28,00330833",23,14,61,7,20,25,107,"22,86904762","50,1575","150,2286667","34,85249221","16,45","36,58333333","114,85","22,71666667"
2023-06-23,6,0,1,"8,8","13,3",110724,37,452,189,26,"223,6120412","17,91861667",17,9,27,9,20,21,107,"38,12592593","118,4958333","277,3944444","65,06900312",30,"46,75833333","218,6666667","46,31666667"
2023-06-24,7,0,0,"10,4","16,3",110724,37,368,168,21,"264,1116872","32,04",10,14,19,11,19,24,87,"16,94848485","46,30877193","186,7534722","34,98429119",18,31,"106,6416667","15,1"
2023-06-25,1,0,0,"11,8","15,1",110724,37,378,143,21,"18,07931538","9,542666667",18,6,7,7,17,20,84,"18,12142857","30,7","291,5208333","40,00138889",15,"33,13333333","168,7","38,43333333"
2023-06-26,2,0,1,"12,2","19,1",110724,37,518,237,26,"89,52862059","28,13488333",22,9,115,13,18,32,129,"130,7371795","50,61666667","182,4723958","51,82661499","22,16666667","40,70833333","131,55","43,46666667"
2023-06-27,3,0,1,"10,8","17,5",110724,37,478,211,33,"68,04727348","26,29060833",33,13,115,13,20,26,116,"26,55384615","83,0475","227,5794872","54,75301724","24,78333333","48,1","208,5083333","45,64166667"
2023-06-28,4,0,1,9,"17,6",110724,37,496,224,23,"-9520,003026","11,299",16,15,89,8,22,39,126,"60,13541667","59,62575758","146,7311966","52,61124339","24,475","60,91666667",99,"44,60833333"
2023-06-29,5,0,1,"8,6","13,6",110724,37,455,174,29,"113,0456028","16,172775",12,10,121,8,13,23,92,"27,85208333","37,23076923","220,157971","48,23297101",15,26,"188,8166667","37,26666667"
2023-06-30,6,0,1,"9,2","14,1",110724,37,468,167,34,"26,66781","13,9456",15,8,70,17,25,17,73,"20,0254902","36,592","191,395098","48,6239726",19,43,"153,1666667","39,25"
2023-07-01,7,0,0,"14,8","19,9",111157,37,361,124,28,"11,35836979","4,054558333",8,8,0,8,14,16,54,"23,10208333","29,6702381","135,7802083","32,67654321","23,325","27,70833333","101,675","14,00833333"
2023-07-02,1,0,0,"17,2","21,8",111157,37,385,136,13,"30,86194111","13,70243333",11,14,12,10,16,21,70,"24,02","37,95833333","199,0142857","28,89714286","15,49166667","31,35","128,2666667","22,58333333"
2023-07-03,2,0,1,"15,1","21,1",111157,37,511,216,13,"4911,867359","5,810766667",22,17,15,10,15,39,128,"60,34166667","49,39444444","331,6324786","56,32434896","18,25833333","34,5","185,1","42,325"
2023-07-04,3,0,1,14,"19,7",111157,37,515,202,12,"11,87774074","10,615",12,15,19,8,31,31,117,"17,35208333","68,67903226","222,7193548","41,26766382","15,36666667","41,71666667","165,95","30,31666667"
2023-07-05,4,0,1,8,"16,8",111157,37,473,185,27,"2034,253811","12,06413333",22,8,20,11,26,24,94,"17,94545455","98,83974359","189,2923611","44,10691489","14,88333333","35,5","148,3833333","27,71666667"
2023-07-06,5,0,1,"11,8","19,5",111157,37,445,208,23,"22,59478421","12,38928333",18,2,29,8,22,27,105,"44,79583333","49,67727273","184,6925926","32,04650794","32,8","32,79166667","99,73333333","20,33333333"
2023-07-07,6,0,1,"16,1","20,1",111157,37,346,170,16,"89,36476389","9,103775",12,10,8,11,17,25,90,"22,81818182","33,91764706","221,912","61,44444444",14,"28,56666667","173,15","43,36666667"
2023-07-08,7,0,0,"16,3","24,1",111157,37,356,119,28,"2304,763048","11,24945",5,2,4,9,22,16,44,"16,22037037","35,02045455","142,2072917","28,09962121",14,"25,81666667","105,6","11,425"
2023-07-09,1,1,0,13,"21,9",111157,37,337,129,16,"12,87022424","11,67245",6,1,4,6,27,14,67,"20,61944444","38,03703704","109,4428571","25,49253731",15,"34,86666667","86,20833333","21,4"
2023-07-10,2,0,1,"9,3","13,5",111157,37,478,213,32,"21,95003056","13,63599167",18,8,55,11,23,38,111,"11,3530303","33,14927536","208,1412281","52,84369369","11,75",28,"184,0583333","41,75"
2023-07-11,3,0,1,"5,3","11,3",111157,37,430,176,24,"46,81595648","16,976725",20,6,97,16,16,21,98,"12,70416667","43,43645833","236,0793651","46,42295918","12,1","35,5","164,0166667","43,01666667"
2023-07-12,4,0,1,"4,6","13,9",111157,37,381,185,16,"18,530095","12,6567",24,8,41,14,10,29,113,"22,625","37,32666667","264,9471264","59,80737463","15,45833333","32,725","214,6666667","50,78333333"
2023-07-13,5,0,1,"5,6","14,6",111157,37,420,175,21,"20,84669872","15,67038333",18,9,6,15,16,26,85,"16,68","35,70625","259,3365385","45,7054902","15,61666667","34,075","218,8083333","43,3"
2023-07-14,6,0,1,"5,1","13,5",111157,37,383,143,18,"13,37760417","5,385358333",10,5,20,12,9,21,76,"104,2611111","47,2037037","311,947619","58,15285088",16,45,207,"44,73333333"
2023-07-15,7,0,0,"7,3","13,9",111157,37,340,139,35,"12,55301667","7,7754",16,12,14,17,27,14,54,"25,80196078","43,70987654","211,9488095","28,9382716",13,"38,68333333","189,1916667","22,525"
2023-07-16,1,0,0,"10,3","15,9",111157,37,352,125,28,"214,3261667","15,47485833",10,10,5,13,24,18,49,"22,13461538","35,17430556","216,7203704","29,87040816","16,55","29,5","154,1416667","27,98333333"
2023-07-17,2,0,1,"7,7","13,4",111157,37,481,200,46,"37,485275","13,8547",16,16,70,21,20,28,81,"16,19444444","44,21","96,76190476","35,85946502","14,15","30,19166667","49,79166667","27,66666667"
2023-07-18,3,0,1,"4,2","12,6",111157,37,430,169,32,"50,45443016","21,34133333",35,6,114,12,16,26,73,"21,675","121,6677083","172,3923077","31,38401826",14,"30,95","161,8416667",15
2023-07-19,4,0,1,"9,3",14,111157,37,423,147,14,"23,41961061","23,85616667",8,8,41,8,18,20,78,"25,85625","36,67777778","131,68","29,1465812","19,63333333","36,74166667","128,9","20,29166667"
2023-07-20,5,0,1,"8,6","14,1",111157,37,424,122,18,"17,40169615","19,54061667",5,5,21,12,18,20,52,"17,33611111","44,44444444","97,50166667","20,55512821","16,24166667","39,14166667","60,84166667","16,48333333"
2023-07-21,6,0,1,"12,6","14,8",111157,37,424,140,18,"24,554205","16,04990833",12,7,51,9,21,20,66,"15,19074074","31,23571429","310,045","27,58080808",12,"26,56666667","263,825","16,71666667"
2023-07-22,7,0,0,9,15,111157,37,341,128,21,"30,64779333","22,8469",3,13,14,18,22,16,49,"20,13981481","34,12272727","144,9947917","25,34591837","16,74166667",35,"86,50833333","12,11666667"
2023-07-23,1,0,0,"8,8","13,3",111157,37,323,94,21,"10,43579405","5,85905",14,7,8,11,12,15,35,"22,42272727","39,87361111","190,17","20,99857143","23,41666667","33,58333333","176,2333333","13,38333333"
2023-07-24,2,0,1,"10,4","16,3",111157,37,507,176,34,"92,49369493","27,14361667",20,13,129,7,28,23,81,"26,66904762","44,06488095","182,1326087","52,01604938","27,83333333","28,35833333","139,2833333","38,46666667"
2023-07-25,3,0,1,"11,8","15,1",111157,37,445,168,29,"36,2029","14,95586667",15,11,64,9,31,28,63,"36,09259259","75,82849462","237,7446429","36,57857143","14,78333333",29,"171,2166667","31,61666667"
2023-07-26,4,0,1,"12,2","19,1",111157,37,448,157,17,"17,97590455","15,65438333",13,10,44,11,20,25,69,"13,82575758","33,425","132,1713333","49,5794686",11,"25,58333333",104,"39,93333333"
2023-07-27,5,0,1,"10,8","17,5",111157,37,419,161,28,"10,59812745","7,8035",16,9,18,7,19,25,65,"25,56904762","53,80263158","220,8","33,03871795","17,66666667",27,197,"26,35"
2023-07-28,6,0,1,9,"17,6",111157,37,378,148,32,"15,23739487","9,810891667",10,12,18,18,20,10,50,"17,8","37,52083333","140,8766667","47,88533333","15,44166667","24,425","153,2","39,09166667"
2023-07-29,7,0,0,"8,6","13,6",111157,37,348,110,23,"20,96962255","10,667",12,6,3,10,25,15,38,"17,60833333","105,4253333","146,1688889","54,47807018",17,"22,58333333","52,83333333","27,5"
2023-07-30,1,0,0,"9,2","14,1",111157,37,340,114,23,"21,63998922","14,01766667",5,7,9,14,20,11,46,"12,90119048","34,02166667","227,6818182","27,81376812",12,"24,21666667","128,2666667","23,98333333"
2023-07-31,2,0,1,"9,2","14,1",111157,37,500,163,28,"-32706,58303","17,61671667",15,2,47,8,16,20,73,"14,45833333","34,78020833","154,6766667","20,68675799","15,125","30,46666667","78,93333333","12,13333333"
2023-08-01,3,0,1,"14,1","24,1",111501,37,469,160,33,"40,91386458","24,31980833",12,6,89,8,16,21,74,"9,958333333","135,43125","131,0412698","24,34324324","9,508333333","52,4","51,68333333","16,35833333"
2023-08-02,4,0,1,"16,4","30,1",111501,37,466,179,35,"60,99042879","30,00066667",16,8,41,8,20,29,69,"14,5375","44,1775","117,3954023","46,64275362","11,75833333","39,28333333","75,98333333","33,48333333"
2023-08-03,5,0,1,"9,9","17,2",111501,37,429,160,27,"22,18435784","15,84116667",18,7,27,9,21,24,71,"16,6462963","25,50238095","125,3930556","26,27934272","12,35",22,"60,63333333","18,85"
2023-08-04,6,0,1,"9,4","18,6",111501,37,456,162,19,"24,42784417","16,19053333",15,5,14,7,36,12,69,"23,54047619","77,29074074","226,5916667","35,07198068",28,"38,24166667","164,3583333","21,1"
2023-08-05,7,0,0,"10,1","15,3",111501,37,332,115,22,"15574,24349","7,668616667",18,5,4,8,21,14,45,"16,29583333","37,33650794","97,92857143","24,03666667","17,9","33,78333333","72,28333333","16,36666667"
2023-08-06,1,0,0,"13,7","21,4",111501,37,343,96,14,"4335,99038","11,32495",5,8,1,8,28,7,42,"28,20416667","26,19583333","99,36190476","32,07857143","17,38333333","22,73333333","83,5","22,875"
2023-08-07,2,0,1,"7,6",17,111501,37,487,179,33,"57,19684067","18,8364",29,8,98,14,24,19,81,"120,3535714","50,22638889","131,3868421","45,04526749","22,65","39,15","101,05","41,21666667"
2023-08-08,3,0,1,"7,8","14,1",111501,37,403,156,29,"2233,857371","18,85280833",28,6,144,10,15,20,71,"14,39333333","45,51333333","260,6116667","35,65751174","12,28333333","23,3","239,9666667","32,98333333"
2023-08-09,4,0,1,"10,6","15,2",111501,37,446,196,22,"42,30827813","21,54503333",37,7,64,17,25,24,101,"102,8313725","40,132","308,2173611","59,96749175","20,21666667","23,61666667","137,7083333","41,51666667"
2023-08-10,5,0,1,12,"17,3",111501,37,467,143,22,"52,10204524","18,982725",10,5,46,13,17,17,67,"28,72820513","115,8245098","213,6833333","32,17512438",23,22,161,"26,2"
2023-08-11,6,0,1,"11,7","17,5",111501,37,409,139,30,"4486,30821","12,52778333",9,4,47,10,21,11,61,"54,86333333","33,94444444","162,6257576","55,35928962","13,73333333",31,"128,5","39,38333333"
2023-08-12,7,0,0,"6,3","13,7",111501,37,392,110,22,"32,85203846","18,21805",2,9,14,13,18,20,36,"15,67692308","109,0657407","159,19","21,36064815",13,"29,33333333","119,0833333","14,55"
2023-08-13,1,0,0,"4,4","16,1",111501,37,314,103,14,"83,53517167","18,26685833",5,4,16,13,17,10,50,"123,6615385","199,2480392","135,6916667","46,904","16,71666667",41,"81,30833333","20,41666667"
2023-08-14,2,0,1,"9,8","24,7",111501,37,518,219,37,"89,36454933","22,29305",18,16,45,15,22,35,108,"21,26555556","107,4075758","187,54","33,6132716",16,"31,00833333","128,7333333","28,3"
2023-08-15,3,0,1,"13,2","21,3",111501,37,511,199,41,"24,12102346","6,144",11,12,121,16,19,34,84,"15,28125","117,5122807","171,9509804","29,49305556","14,75",31,"84,10833333","22,89166667"
2023-08-16,4,0,1,"16,4","25,5",111501,37,513,169,20,"323,0452633","13,69271667",16,9,51,11,19,25,90,"14,25151515","256,9701754","232,0026667","43,36388889",13,45,153,"29,29166667"
2023-08-17,5,0,1,"14,1","18,6",111501,37,384,167,27,"112,3724583","24,08355",12,11,86,15,17,15,83,"33,56555556","50,26568627","108,0622222","32,4002008",18,43,"113,2166667","20,7"
2023-08-18,6,0,1,"12,2","17,2",111501,37,469,163,27,"13,58472963","8,940216667",19,8,44,11,24,22,71,"146,8484848","49,79722222","265,4462121","31,93849765","17,85",27,"83,28333333","22,76666667"
2023-08-19,7,0,0,"6,8","14,6",111501,37,340,115,28,"26,68625741","9,649241667",8,13,10,7,21,15,48,"15,70238095","39,05396825","92,29444444","32,228125",12,"33,08333333","71,4","18,175"
2023-08-20,1,0,0,"7,3","12,4",111501,37,326,105,31,"29,89957348","15,59858333",5,7,12,12,17,9,43,"137,2069444","97,80294118","191,6722222","26,35387597","13,55833333","22,95","261,55","17,65"
2023-08-21,2,1,0,"7,8","16,7",111501,37,399,133,13,"16,75218148","14,17511667",9,5,3,8,20,29,62,"14,74583333","25,90333333","102,5712644","26,6516129","13,375","23,63333333","80,13333333","13,65"
2023-08-22,3,0,1,"12,6","17,3",111501,37,511,243,19,"42,73086444","13,47773333",25,10,35,12,28,36,135,"16,29583333","48,11666667","375,8930556","52,53765432","14,81666667","27,94166667","234,2166667","43,48333333"
2023-08-23,4,0,1,"11,2","15,7",111501,37,529,226,32,"70,53282319","19,45761667",24,11,160,12,21,33,119,"22,41111111","40,55793651","270,940404","43,02717087","22,61666667",38,"224,6166667","33,68333333"
2023-08-24,5,0,1,12,"16,1",111501,37,492,189,23,"74,29096389","18,20655",5,14,179,5,21,36,83,"15,81","105,8730159","171,0685185","48,37650602","11,16666667",32,"121,4583333","35,03333333"
2023-08-25,6,0,1,"10,5","16,6",111501,37,484,159,19,"30,21390648","9,235941667",18,10,45,12,24,14,84,"32,67222222","46,83888889","261,375","62,04265873","25,24166667","34,33333333","259,6416667","53,20833333"
2023-08-26,7,0,0,"7,3","16,1",111501,37,390,120,18,"20,90084643","5,772833333",9,3,24,9,15,14,58,"20,80555556","30,32666667","187,0261905","49,66666667",20,"26,68333333","101,9916667","19,58333333"
2023-08-27,1,0,0,"8,6","13,5",111501,37,384,120,15,"44,14656296","46,35378333",5,13,6,13,20,19,53,"20,31410256","48,92833333","175,9280702","27,67358491","15,38333333","37,05","207,9333333","20,28333333"
2023-08-28,2,0,1,"8,3","14,5",111501,37,595,207,22,"18,48609902","15,60761667",11,10,106,16,20,29,111,"25,30729167","31,9825","190,1091954","38,59234234","16,74166667","23,66666667","84,55","26,06666667"
2023-08-29,3,0,1,"10,8","15,1",111501,37,497,197,14,"42,63165694","5,175",23,5,10,13,20,30,102,"19,83205128","136,4791667","211,3711111","21,84035948","19,41666667","41,84166667","61,85833333","13,46666667"
2023-08-30,4,0,1,12,"20,1",111501,37,492,183,20,"107,8404631","13,052925",18,18,56,11,17,35,94,"15,47727273","37,96470588","192,4742857","43,28262411","11,55",33,132,"21,19166667"
2023-08-31,5,0,1,"10,8","18,1",111501,37,469,182,30,"39,16296389","8,167475",11,12,23,12,24,20,87,"15,09722222","164,4076389","202,9716667","37,83103448",13,39,"128,5166667","29,25"
2023-09-01,6,0,1,"12,9","18,5",111811,37,503,153,21,"2429,563143","7,723641667",16,9,25,15,19,16,70,"22,45333333","185,2342105","160,315625","30,95166667","19,46666667","30,61666667","105,1833333","25,96666667"
2023-09-02,7,0,0,"10,8","18,2",111811,37,369,109,18,"4024,544542","11,45510833",6,9,3,7,16,18,46,"41,91904762","97,56979167","164,912963","26,14855072","23,33333333","41,04166667","81,74166667","12,825"
2023-09-03,1,0,0,"8,4","12,3",111811,37,326,126,17,"5525,27809","30,619575",12,13,47,8,24,8,62,"25,01458333","41,78055556","515,03125","50,12096774","18,96666667","37,24166667","356,625","33,35833333"
2023-09-04,2,0,1,"9,6",13,111811,37,573,230,22,"49,29764643","9,966491667",15,15,43,19,26,36,119,"22,86403509","107,1378205","186,7527778","62,32114846","22,91666667","42,00833333","132,4916667","55,73333333"
2023-09-05,3,0,1,"6,3","11,7",111811,37,490,208,16,"4337,388628","6,5155",36,15,6,17,23,35,100,"21,28039216","58,86594203","345,2114286","57,93183333",18,"45,9","316,5666667","48,98333333"
2023-09-06,4,0,1,"8,2","13,2",111811,37,478,177,25,"2803,936018","16,59521667",19,9,28,11,17,25,89,"28,63636364","36,89607843","247,5353333","58,0593633","27,2",36,"150,8833333","46,05"
2023-09-07,5,0,1,"12,4","16,4",111811,37,426,221,45,"6886,035815","12,30855833",25,18,86,15,27,28,93,"41,52888889","47,68580247","228,05","37,71039427",19,"37,28333333","141,725","33,81666667"
2023-09-08,6,0,1,"8,3","20,1",111811,37,432,180,32,"20,29452857","13,91826667",20,9,23,19,27,20,85,"26,28245614","49,67283951","351,5008333","56,88607843","20,56666667","36,01666667","268,8333333","42,16666667"
2023-09-09,7,0,0,"10,3","18,3",111811,37,385,117,20,"20,40679103","13,04861667",9,8,2,11,18,15,48,"27,41363636","35,6037037","386,8277778","29,315625",22,"29,71666667","177,0833333","21,5"
2023-09-10,1,0,0,"13,8",19,111811,37,380,91,9,"4815,454474","1,761733333",6,7,8,8,18,16,34,"17,61458333","38,06759259","160,953125","27,99117647","17,18333333","27,5","145,575","19,41666667"
2023-09-11,2,0,1,"14,6","23,1",111811,37,548,185,28,"4737,374844","9,358141667",14,16,26,14,29,21,85,"16,58571429","41,71896552","219,3452381","23,40372549","15,46666667","31,6","99,83333333","16,33333333"
2023-09-12,3,0,1,"10,4","18,9",111811,37,532,167,17,"30,41220714","19,646775",19,9,50,9,23,22,88,"16,63333333","43,15","120,5113636","24,35890152","17,18333333","42,26666667","58,75833333","17,58333333"
2023-09-13,4,0,1,"11,3","17,2",111811,37,525,193,30,"45,00865351","14,53995",20,13,49,7,21,28,94,"29,71190476","37,30238095","143,1","42,77251773",16,38,"98,31666667","32,61666667"
2023-09-14,5,0,1,"8,1","18,6",111811,37,499,158,24,"110,2716119","17,285775",7,11,19,17,21,28,65,"25,10686275","51,87301587","175,5779762","27,20358974",22,"45,75","147,35","20,3"
2023-09-15,6,0,1,"13,2","24,3",111811,37,494,156,28,"29,49671417","18,54716667",2,5,10,11,24,10,72,"22,99242424","39,13541667","360,5216667","30,71736111",19,"28,91666667","83,875","20,28333333"
2023-09-16,7,0,0,"15,7","26,7",111811,37,383,127,32,"24,70057105","16,72293333",2,7,27,15,19,15,53,"23,10666667","34,97192982","252,28","29,83679245","20,91666667",28,"163,8833333","18,75"
2023-09-17,1,0,0,"13,8","20,6",111811,37,364,147,18,"22,46766373","10,78221667",16,8,8,16,21,16,71,"104,6416667","97,95952381","159,8635417","27,98028169",17,31,"73,05","19,48333333"
2023-09-18,2,0,1,"10,3","17,7",111811,37,542,204,32,"21,09543889","6,637216667",22,8,44,5,23,25,111,"30,33","47,7115942","173,2433333","40,69804805",38,45,"134,45","27,25"
2023-09-19,3,0,1,"10,8","16,1",111811,37,480,203,24,"17,02930583","6,645883333",19,8,54,9,21,38,94,"127,737037","95,72936508","204,8381579","30,13439716","24,23333333","30,36666667","171,9","21,38333333"
2023-09-20,4,0,1,14,"16,8",111811,37,422,145,30,"20,76792368","14,71538333",18,7,28,12,20,21,63,"21,84861111","58,47","118,5222222","25,9989418","17,975","43,2","114,0166667","14,5"
2023-09-21,5,0,1,"15,5","20,5",111811,37,383,129,29,"327,2462529","10,50328333",9,3,53,16,8,22,52,"19,08645833","38,11875","144,6583333","36,28653846","14,79166667","32,525","149,4166667","25,03333333"
2023-09-22,6,0,1,"11,7","18,8",111811,37,459,123,19,"49,23516667","19,30966667",11,8,39,8,20,11,54,"49,58958333","38,695","159,95","47,52592593","15,13333333","32,75833333",165,"35,51666667"
2023-09-23,7,0,0,11,"16,3",111811,37,387,118,27,"16,11470938","14,63325",10,8,10,10,26,19,40,"16,61833333","41,01346154","166,2078947","26,73625","14,9","35,825","105,05","21,8"
2023-09-24,1,0,0,"12,9","17,2",111811,37,342,145,36,"17,68722333","11,740475",8,4,13,11,33,11,61,"13,31666667","37,21363636","96,89393939","31,48770492","11,06666667","35,45","77,91666667","27,66666667"
2023-09-25,2,0,1,"11,4",16,111811,37,548,186,24,"25,93223426","17,9365",15,17,54,15,20,40,82,"108,2722222","192,9875","219,9633333","44,7601626","11,91666667","62,15833333","199,3416667","44,44166667"
2023-09-26,3,0,1,13,"15,5",111811,37,504,188,22,"141,0869346","13,02756667",15,17,53,8,29,37,84,"19,31458333","37,10287356","198,218018","33,94186508","17,90833333","33,91666667","143,3833333","27,28333333"
2023-09-27,4,0,1,"9,5","18,7",111811,37,438,159,24,"21,07899405","8,936225",14,8,5,7,22,20,67,"17,55714286","52,44015152","147,6933333","44,78731343",17,"34,5","82,54166667","39,43333333"
2023-09-28,5,0,1,13,"19,5",111811,37,468,133,27,"14,02058111","9,050833333",13,9,16,7,11,18,60,"15,17619048","67,46060606","219,4416667","35,58305556",14,"60,7","172,05","32,80833333"
2023-09-29,6,0,1,"12,8",21,111811,37,418,123,17,"9,66565","3,73275",9,9,1,5,17,15,56,"22,64","56,01764706","315,8766667","34,38125",27,45,"152,3666667","23,91666667"
2023-09-30,7,0,0,8,17,111811,37,363,100,17,"8,461111667","6,967908333",7,6,8,5,20,14,43,"13,4","42,4825","212,722619","25,94612403",8,"32,45833333","85,38333333","13,66666667"
2023-10-01,1,0,0,9,"18,3",112109,37,354,97,27,"16,33179","13,92408333",3,8,13,6,18,11,38,"16,03055556","37,89907407","106,8242424","29,83245614","14,5","34,30833333","72,26666667","15,89166667"
2023-10-02,2,0,1,"11,2",18,112109,37,512,168,14,"4383,500344","35,46988333",17,9,59,8,18,26,94,"24,42291667","106,9324074","256,0737179","37,45390071","21,55","41,14166667","153,075","34,425"
2023-10-03,3,0,1,"14,5",19,112109,37,478,150,15,"10195,73951","14,1719",8,10,32,5,24,26,68,"17,01","42,35763889","226,3532051","50,1004902",13,"41,04166667","153,75","42,2"
2023-10-04,4,0,1,"13,3","20,3",112109,37,442,135,16,"7,023238889","5,955",2,8,4,7,13,21,66,"9,107142857","244,3448718","149,8611111","41,04191919","12,6",35,"136,9166667","34,3"
2023-10-05,5,0,1,"12,6",25,112109,37,487,157,29,"2616,546348","4,868216667",15,13,15,9,15,24,70,"22,11111111","58,16555556","218,9944444","44,08428571",15,"35,03333333","112,7083333","29,10833333"
2023-10-06,6,0,1,"14,2",27,112109,37,452,148,23,"8,499462821","5,20705",15,7,28,11,21,18,69,"36,76969697","47,21587302","213,5046296","57,70434783",25,38,"165,1166667","54,46666667"
2023-10-07,7,0,0,"13,4","20,7",112109,37,339,97,21,"3111,605961","22,135725",8,9,7,10,21,12,36,"19,41833333","158,6571429","133,7083333","45,76898148","16,30833333","32,9","141,1166667","34,975"
2023-10-08,1,0,0,14,"25,4",112109,37,362,94,23,"16,95748431","7,437266667",5,8,1,12,26,12,26,"27,00972222","91,61923077","162,2722222","26,98397436","12,90833333","33,91666667","171,3583333","21,15"
2023-10-09,2,0,1,15,"27,2",112109,37,554,173,32,"22,10102464","9,351383333",11,13,60,9,22,26,78,"169,4851852","123,6022727","171,025","22,11410256","10,76666667","55,23333333","89,96666667","16,44166667"
2023-10-10,3,0,1,18,27,112109,37,467,127,33,"12,78616984","7,55145",12,9,57,4,16,12,61,"20,44166667","46,92604167","178,5902778","32,89234973","17,95833333","38,84166667","174,525","24,85"
2023-10-11,4,0,1,"10,6",22,112109,37,479,151,24,"15,46362333","9,761666667",4,8,25,8,19,24,73,"22,3125","63,59210526","160,2868056","27,86803653","12,69166667",32,"69,95833333","19,18333333"
2023-10-12,5,0,1,"7,5",15,112109,37,423,152,42,"20,66522867","9,221266667",5,13,28,11,22,17,52,"27,26515152","109,1280303","186,1088235","36,05416667","25,15","49,75833333","131,0833333","28,575"
2023-10-13,6,1,0,"9,5","17,3",112109,37,388,88,18,"134,5986976","16,32080833",14,9,10,10,13,12,34,"158,0466667","42,7","173,7041667","50,66813725","11,26666667",40,"98,48333333","33,35"
2023-10-14,7,0,0,"14,5","20,1",112109,37,347,106,23,"19,469075","16,22325833",6,11,11,5,17,21,43,"12,86666667","105,8892157","209,6936508","51,19534884","11,08333333","26,91666667","124,7","41,73333333"
2023-10-15,1,0,0,"14,6","21,5",112109,37,274,76,11,"428,2899375","20,107475",2,4,2,12,19,7,32,"16,84027778","30,4877193","103,1309524","53,0171875","14,69166667",28,"66,86666667","30,23333333"
2023-10-16,2,1,0,"17,2","23,5",112109,37,435,102,17,"16,01789688","7,537833333",1,9,3,9,13,13,39,"16,89259259","34,16923077","109,4205128","31,45",16,27,"46,05","19,15"
2023-10-17,3,0,1,"9,5","21,5",112109,37,523,175,30,"12,28493958","11,72958333",9,7,17,9,21,24,90,"18,33333333","98,16507937","179,0361111","42,70111111","14,6",29,"119,475","28,65"
2023-10-18,4,0,1,"11,5","17,7",112109,37,463,141,31,"56,03355238","10,52533333",15,12,55,9,14,20,52,"173,1259259","95,36547619","175,7966667","63,82564103","13,93333333","37,94166667","182,525","31,4"
2023-10-19,5,0,1,"14,6","19,5",112109,37,430,151,16,"18,11456667","8,301716667",11,17,16,5,18,30,72,"18,95333333","69,09351852","260,6288889","40,68634259",21,"41,25833333","195,3583333","31,66666667"
2023-10-20,6,0,1,"15,6","22,5",112109,37,387,140,27,"145,777155","10,29444167",5,11,8,11,14,17,66,"15,71212121","68,97619048","339,172549","41,95429293",15,"34,98333333","261,9333333","35,98333333"
2023-10-21,7,0,0,17,23,112109,37,357,101,29,"177,2940185","5,804308333",8,5,2,6,19,4,45,"20,80833333","107,8912281","81,9625","72,80703704","20,40833333","31,76666667",74,"30,3"
2023-10-22,1,0,0,"18,5",24,112109,37,334,86,12,"287,2131967","15,95855",3,4,3,9,17,11,35,"173,2518519","30,84509804","174,3272727","23,19380952","20,8",24,"137,7166667","18,71666667"
2023-10-23,2,0,1,"16,3",20,112109,37,501,190,22,"15,43176042","13,51214167",17,5,68,9,22,28,100,"31,3537037","47,51287879","194,8857143","37,57716667",32,36,"92,725","28,825"
2023-10-24,3,0,1,"13,5","19,6",112109,37,480,171,22,"26,6013098","10,64288333",15,8,75,13,12,18,91,"33,18333333","55,54583333","167,8324074","42,70934066",23,"45,9","146,7416667","37,7"
2023-10-25,4,0,1,"10,5","18,7",112109,37,490,120,18,"90,55321528","10,16644167",16,7,97,13,10,16,49,"24,63846154","30,95833333","181,5385417","20,34285714","26,43333333","27,40833333","185,175","21,13333333"
2023-10-26,5,0,1,13,23,112109,37,463,162,31,"9,043480833","6,309475",11,11,59,13,7,20,76,"22,57820513","24,55","245,4491667","42,03421053","18,66666667",23,"154,2","41,61666667"
2023-10-27,6,0,1,18,"25,2",112109,37,421,134,19,"152,6171056","19,6152",8,5,18,3,18,14,65,"18,53333333","51,13333333","257,1404762","55,60923077","12,68333333","45,38333333","170,8416667","37,66666667"
2023-10-28,7,0,0,"18,7",26,112109,37,347,99,28,"293,7182289","26,5775",10,6,16,9,21,12,34,"21,12222222","168,5039683","270,0263889","29,98431373","13,9","41,46666667","97,41666667","28,6"
2023-10-29,1,0,0,"17,9",23,112109,37,339,84,20,"32,79010694","18,56383333",2,4,7,11,17,5,37,"15,72727273","34,9254902","225,5766667","22,48018018","16,4","34,56666667","85,31666667","15,45"
2023-10-30,2,0,1,"10,5","21,3",112109,37,491,179,23,"17,34586373","8,676566667",10,9,9,11,17,18,95,"58,46060606","122,4637255","176,7462963","48,63035088","25,78333333","31,78333333","167,5416667","38,48333333"
2023-10-31,3,0,1,"12,2","17,2",112109,37,408,133,24,"22,41731771","15,952",10,10,7,6,15,15,62,"29,82777778","57,89777778","232,93","39,97688172","21,425",51,"214,95","25,975"
2023-11-01,4,0,1,"11,5","16,2",112187,37,472,134,25,"27935,97495","6,413425",12,8,24,9,11,16,67,"93,39814815","40,57727273","169,240625","58,05149254","28,98333333","26,2","153,3666667","36,61666667"
2023-11-02,5,0,1,"13,2",16,112187,37,348,134,24,"34,10272436","20,46716667",10,5,15,15,20,19,53,"113,3955556","122,1","265,6087719","45,83176101","19,65","58,61666667","225,6833333","41,78333333"
2023-11-03,6,0,1,"13,2","16,6",112187,37,379,123,13,"23,44036296","12,4145",16,6,19,8,16,11,65,"222,0083333","103,86875","207,0833333","59,07128205","33,38333333","33,43333333","164,6166667","51,05"
2023-11-04,7,0,0,"11,1","22,8",112187,37,350,88,26,"19,28800313","15,51489167",3,6,3,6,16,14,32,"16,98333333","38,796875","245,202381","33,85416667","18,81666667","26,74166667","138,3","31,09166667"
2023-11-05,1,0,0,"14,4","23,4",112187,37,346,87,22,"2804,319593","21,93880833",6,4,2,10,14,7,35,"21,85166667","36,59166667","101,1857143","30,39857143","19,70833333","29,5","74,73333333","19,88333333"
2023-11-06,2,0,1,"17,6","24,1",112187,37,545,177,20,"2648,162508","7,1133",16,12,42,11,17,34,82,"23,56818182","126,7813725","241,7735294","30,59390244","20,36666667","51,03333333","134,8666667","17,58333333"
2023-11-07,3,0,1,"18,5",28,112187,37,461,168,33,"18,09381429","8,474266667",13,8,61,15,25,16,69,"21,82222222","39,206","264,7145833","33,94903382","15,9","34,58333333","236,0583333","24,63333333"
2023-11-08,4,0,1,"19,2","27,5",112187,37,437,145,27,"17,01624804","19,762",9,6,70,14,15,22,63,"19,95357143","32,04888889","121,6598485","26,31904762","18,025","37,61666667","68,9","20,33333333"
2023-11-09,5,0,1,"15,9","23,3",112187,37,446,134,30,"2342,733211","11,78534167",7,4,30,5,17,20,56,"15,73666667","115,2490196","102,1791667","24,89166667","16,2",30,"101,5","14,425"
2023-11-10,6,0,1,"16,5","19,6",112187,37,334,124,19,"15,28194359","7,135766667",17,4,5,7,18,17,60,"26,02380952","124,8407407","220,2627451","34,96666667","21,88333333","46,90833333","174,8833333","20,05833333"
2023-11-11,7,0,0,16,"27,8",112187,37,350,108,25,"9,232479762","6,527808333",8,5,4,13,18,14,43,"15,46666667","33,54537037","120,8630952","23,23062016",15,"27,075","94,275","14,65"
2023-11-12,1,0,0,"17,5","23,7",112187,37,363,102,25,"12,49145","8,787716667",3,7,5,18,10,11,42,"26,96296296","25,31666667","80,49090909","51,17420635","17,39166667","21,14166667","74,53333333","34,2"
2023-11-13,2,0,1,"14,5","20,2",112187,37,518,186,23,"18,09355","8,046141667",11,10,19,7,33,22,83,"15,90238095","36,03080808","256,4939394","40,49919679","18,58333333",32,"199,3833333","26,53333333"
2023-11-14,3,0,1,"15,5","22,4",112187,37,514,141,28,"71,88828167","13,12805833",16,9,86,9,21,21,58,"21,72222222","77,91666667","169,331746","40,26982759","25,43333333","46,16666667","92,35","30,96666667"
2023-11-15,4,0,1,"17,2",25,112187,37,482,130,15,"101,6451931","10,095025",11,10,54,9,9,25,56,"171,8833333","37,34259259","120,3546667","33,0235119","21,23333333","34,86666667","105,1833333","22,88333333"
2023-11-16,5,0,1,"18,7","26,5",112187,37,464,124,20,"125,0105892","5,421333333",14,5,27,4,18,19,59,"20,2875","37,6537037","119,9526316","29,70338983","16,06666667","34,375","91,45","22,03333333"
2023-11-17,6,0,1,"18,5","27,1",112187,37,435,131,33,"255,1434702","5,551358333",24,9,35,16,14,16,50,"196,334375","147,027381","256,2927083","39,52933333","22,75833333","59,225","142,4666667","31,78333333"
2023-11-18,7,0,0,"17,2","22,5",112187,37,374,99,24,"16,83765833","13,08163333",9,0,7,10,17,9,36,"34,33","113,8480392","274,3351852","59,62037037","16,55",31,"181,7333333","22,4"
2023-11-19,1,0,0,"16,3","28,5",112187,37,346,82,16,"387,5913303","19,89833333",6,3,9,9,21,5,37,"22,27777778","91,26746032","79,25333333","35,21081081","22,13333333","22,41666667","44,66666667","22,43333333"
2023-11-20,2,1,0,20,"29,3",112187,37,434,95,11,"20,79194259","4,590216667",2,5,4,9,15,11,46,"20,40925926","36,93666667","79,7030303","18,97101449",16,"32,68333333","37,5","10,48333333"
2023-11-21,3,0,1,"19,3",29,112187,37,484,165,23,"20,05539524","5,966083333",18,8,15,10,19,24,67,"21,135","92,43333333","131,7048611","39,13681592","20,5","58,33333333","100,025","36,05"
2023-11-22,4,0,1,"16,1","23,8",112187,37,453,137,20,"23,15541548","11,72960833",10,6,35,11,15,25,51,"148,8757576","38,75111111","109,4653333","35,60620915","20,05",38,"93,5","23,7"
2023-11-23,5,0,1,"17,8","30,5",112187,37,477,143,20,"9,778071667","8,450308333",6,11,12,4,22,20,59,"14,73333333","39,7219697","214,6258333","36,06468927","13,69166667","33,28333333","132,95","27,45"
2023-11-24,6,0,1,"16,4",26,112187,37,412,99,17,"13,15112976","6,358533333",9,6,7,8,11,7,45,"16,16666667","38,40151515","157,6333333","38,36333333","18,975",29,"169,6833333","32,18333333"
2023-11-25,7,0,0,"17,4","24,5",112187,37,351,72,15,"9,88322963","7,7984",6,3,2,6,17,7,30,"27,09722222","26,39705882","107,2190476","27,07444444","16,56666667",26,"76,8","14,825"
2023-11-26,1,0,0,"19,6","27,3",112187,37,378,91,8,"51,82608095","10,29678333",4,4,1,3,15,15,50,"13,35","28,58333333","127,7466667","18,08533333","14,11666667","31,06666667","64,33333333","12,05833333"
2023-11-27,2,0,1,"22,6","29,5",112187,37,532,167,36,"87,87760833","7,579216667",16,5,12,10,15,24,74,"18,70833333","46,46111111","259,3625","68,49414414","17,075","37,25","206,925","44,35833333"
2023-11-28,3,0,1,21,27,112187,37,452,164,13,"36,09361061","13,59811667",9,7,30,8,13,20,85,"25,15208333","25,51666667","244,5525","52,48666667","9,55",24,"152,6916667","41,2"
2023-11-29,4,0,1,"17,9",27,112187,37,421,134,23,"47,36744375","13,359525",11,4,35,9,14,18,51,"23,26111111","42,15595238","160,8287037","48,8996732","20,66666667","29,24166667","133,3833333","40,2"
2023-11-30,5,0,1,20,"27,5",112187,37,383,133,29,"-17092,26338","6,510833333",40,4,37,9,16,19,50,"34,71666667","49,82291667","164,4210526","52,587","19,48333333","45,55","154,9","40,86666667"
2023-12-01,6,0,1,"20,7","27,5",112173,37,336,107,22,"28135,2724","11,16859167",15,3,8,11,17,10,37,"24,91363636","118,0382353","270,8083333","44,31756757",15,"35,41666667","248,0416667","36,45"
2023-12-02,7,0,0,19,"28,2",112173,37,329,96,23,"18,0542375","11,29980833",11,11,7,11,26,3,33,"28,96969697","159,6314103","68,63333333","41,99494949","24,23333333","48,75833333","47,21666667","21,8"
2023-12-03,1,0,0,"14,4","27,1",112173,37,302,71,10,"25,55273519","13,73445",10,4,8,9,14,5,27,"16,28888889","34,88928571","108,67","33,03641975",17,"29,84166667","31,56666667","25,71666667"
2023-12-04,2,0,1,17,21,112173,37,444,148,33,"12,54698","9,75895",17,5,30,7,15,21,62,"23,93809524","46,82111111","155,502381","37,43709677","20,26666667",35,"101,2166667","29,04166667"
2023-12-05,3,0,1,"16,3","23,3",112173,37,406,107,14,"10,2705963","10,8259",10,14,26,8,18,15,47,"26,59583333","46,91388889","88,53444444","25,07163121","22,35","39,65833333","64,01666667","19,16666667"
2023-12-06,4,0,1,"19,4","22,9",112173,37,388,119,31,"57,57433426","10,86689167",7,3,43,18,11,12,38,"20,99907407","39,51060606","137,0888889","29,54429825","15,28333333",26,"64,675","21,41666667"
2023-12-07,5,0,1,"17,3","24,6",112173,37,369,133,29,"24,0944693","8,3891",10,16,14,8,15,18,51,"35,87916667","123,4966667","171,2083333","36,60457516","17,20833333","40,93333333","72,16666667","26,86666667"
2023-12-08,6,1,0,"17,8","23,5",112173,37,330,96,27,"14,11058333","8,963858333",5,2,3,12,16,9,34,"16,15416667","29,30625","89,12592593","40,51323529","16,175","23,13333333","103,2333333","27,41666667"
2023-12-09,7,0,0,"18,2",24,112173,37,295,95,19,"29,25086667","10,76988333",4,6,4,3,18,9,46,"25,96666667","28,44444444","82,28888889","43,12608696","20,65","28,03333333","37,83333333","29,275"
2023-12-10,1,0,0,"19,6","26,3",112173,37,300,80,15,"9869,35412","6,515783333",9,4,0,6,17,11,30,"17,44166667","30,7","115,369697","28,60888889","17,29166667",20,"105,0333333","19,43333333"
2023-12-11,2,0,1,21,"27,5",112173,37,483,127,25,"10,79556481","4,375108333",10,12,10,8,20,15,48,"29,53125","178,7191667","257,5877778","43,60590278","29,71666667","30,39166667","131,7833333","33,73333333"
2023-12-12,3,0,1,22,"31,3",112173,37,400,88,17,"308,2999894","5,173283333",13,8,8,8,13,9,34,"27,93541667","47,98205128","178,6074074","32,94558824","27,5",38,"171,15","24,56666667"
2023-12-13,4,0,1,23,"28,8",112173,37,409,100,11,"4,324222222","2,515583333",13,10,2,5,15,15,41,"16,64666667","239,68","187,5477778","45,24308943","12,85",46,142,"36,11666667"
2023-12-14,5,0,1,"21,2","26,5",112173,37,360,126,22,"12,52502738","10,44624167",13,10,7,8,19,17,47,"36,82291667","58,00263158","161,8990196","37,99255319","29,18333333",35,"107,65","32,76666667"
2023-12-15,6,0,1,"24,6",28,112173,37,362,107,21,"11,55454333","6,152",11,8,24,12,19,8,41,"30,93472222","67,7377193","129,8666667","51,16829268",27,"39,96666667","111,85","40,15"
2023-12-16,7,0,0,"24,3","30,3",112173,37,327,85,15,"254,7040153","12,870225",11,12,10,7,14,14,31,"25,20952381","50,54047619","176,4261905","32,09623656","18,28333333","47,81666667","92,83333333","24,15"
2023-12-17,1,0,0,"18,2","28,5",112173,37,260,90,16,"15,18763333","9,279783333",3,7,27,8,18,3,39,"24,3125","69,68796296","189,6166667","38,10811966","19,5","25,75","228,4666667","25,48333333"
2023-12-18,2,0,1,17,"23,5",112173,37,436,139,26,"9,768314706","6,884716667",13,9,30,8,18,11,69,"7,945833333","129,8231481","220,9363636","34,34589372","9,275","44,31666667","133,4","30,96666667"
2023-12-19,3,0,1,"12,7",21,112173,37,346,116,24,"14,32916667","7,53055",7,6,31,6,15,12,53,"19,21111111","53,08777778","188,3319444","34,87012579","13,84166667","48,03333333","163,0666667","32,33333333"
2023-12-20,4,0,1,"16,9","23,7",112173,37,372,137,31,"57,00873333","7,21005",21,6,46,17,19,21,44,"111,9990196","126,5184211","159,2230159","31,35454545","22,66666667",30,"108,3333333","24,325"
2023-12-21,5,0,1,"19,5",27,112173,37,363,137,33,"20,04442971","13,42155",10,12,31,9,16,22,43,"27,57592593","91,21979167","169,4886364","23,86821705",18,"25,39166667","120,9416667","15,76666667"
2023-12-22,6,0,1,"20,2","26,8",112173,37,356,94,15,"303,1378017","5,864533333",9,5,21,10,19,10,35,"171,4333333","75,05350877","320,2066667","37,79190476","20,95",52,"178,5","27,63333333"
2023-12-23,7,0,0,"21,5","29,6",112173,37,297,74,19,"14,40849091","5,313666667",5,4,0,7,14,8,31,"19,84761905","34,8547619","97,55","32,09516129","15,33333333","32,5","79,54166667","30,31666667"
2023-12-24,1,0,0,"21,3","26,5",112173,37,189,59,18,"279,9849621","8,222833333",4,7,0,7,15,4,17,"18,89285714","97,84777778","132,025","44,16372549",15,"27,86666667","107,3166667","28,43333333"
2023-12-25,2,1,0,"19,5","26,7",112173,37,237,81,13,"12,05423542","7,423833333",4,5,0,9,21,4,36,"83,24074074","49,39285714","79,3625","24,74722222","21,36666667",26,"70,11666667","20,69166667"
2023-12-26,3,0,1,"14,8","24,5",112173,37,460,138,27,"312,8559452","10,27641667",7,9,2,8,22,22,52,"28,45833333","38,53939394","196,1856061","34,98397436","21,36666667","34,00833333","93,21666667","25,26666667"
2023-12-27,4,0,1,"19,8","28,9",112173,37,435,133,35,"6,710475397","4,033716667",15,6,16,15,27,15,47,"12,24666667","33,3617284","161,9077778","52,84255319",9,"26,76666667","165,3333333","36,21666667"
2023-12-28,5,0,1,"20,6","30,6",112173,37,439,136,24,"17,79886944","8,281858333",10,9,5,12,18,14,50,"58,75833333","45,06481481","134,3047619","35,02866667","31,075","26,76666667","98,15","25,2"
2023-12-29,6,0,1,"21,4","30,3",112173,37,401,129,23,"10,96242889","10,86566667",21,8,4,9,25,18,36,"24,47592593","47,92866667","196,4231481","54,81527778","23,06666667","37,85","147,6416667","43,13333333"
2023-12-30,7,0,0,15,"25,6",112173,37,359,88,19,"67,88663452","12,914525",18,7,34,15,14,8,32,"75,12444444","38,19642857","197,2166667","34,99270833",17,"28,75833333","55,175","24,34166667"
2023-12-31,1,0,0,"21,1",26,112173,37,216,91,23,"8,506592308","4,698783333",7,5,2,10,16,11,35,"13,75666667","40,25833333","113,1969697","28,45952381","13,35833333","28,80833333","67,36666667","17,28333333"
2024-01-01,2,1,0,"22,2","27,2",111685,37,206,84,30,"6,69989375","5,602025",0,5,0,12,18,3,26,"28,42916667","30,98425926","142,3888889","24,875","13,89166667","28,98333333","191,8166667","17,06666667"
2024-01-02,3,0,1,"19,6","26,1",111685,37,474,156,27,"6748,603777","8,9035",34,5,24,10,24,23,62,"13,96833333","64,78888889","113,9536232","29,37284946","10,125","36,26666667","37,7","23,675"
2024-01-03,4,0,1,"22,1","27,5",111685,37,425,158,37,"37,64466515","7,736475",20,8,33,3,18,24,69,"9,316666667","76,9212963","188,8576389","37,73067633",10,"52,35833333","128,95","26,91666667"
2024-01-04,5,0,1,22,28,111685,37,406,115,20,"14727,29354","21,56744167",16,6,26,7,12,12,55,"75,77619048","50,48611111","261,2847222","28,56424242","17,91666667","45,10833333","156,9083333","21,13333333"
2024-01-05,6,0,1,"22,5","29,5",111685,37,345,110,25,"22,10799804","14,10938333",10,8,19,10,17,10,41,"21,33","130,0862745","154,1616667","31,01300813","17,03333333",75,"35,8","27,4"
2024-01-06,7,0,0,"23,8","29,4",111685,37,322,85,13,"4213,582537","18,22421667",7,1,6,9,19,11,33,"11,45185185","100,7333333","214,2212121","22,71313131","11,61666667","42,81666667","93,41666667","21,83333333"
2024-01-07,1,0,0,21,30,111685,37,289,86,13,"6896,983101","9,06895",10,3,3,2,23,9,36,"19,725","90,45797101","313,1722222","33,78796296","19,725",42,"219,6666667","27,26666667"
2024-01-08,2,0,1,"20,2","29,2",111685,37,444,139,27,"4200,243093","4,38455",18,5,11,11,18,19,50,"60,12878788","162,6481481","179,4692982","37,449","17,03333333","27,79166667","115,35","30,3"
2024-01-09,3,0,1,24,31,111685,37,407,99,14,"20,55023333","16,52478333",11,9,14,10,10,18,45,"12,465","166,735","217,825","26,28555556","12,59166667","38,11666667","143,2583333","21,86666667"
2024-01-10,4,0,1,"23,6",29,111685,37,401,118,28,"10,8170951","4,77495",12,6,9,5,17,16,45,"20,23666667","59,66176471","100,1072917","34,78740741","18,8","35,6","78,775","26,11666667"
2024-01-11,5,0,1,"20,6","26,3",111685,37,403,139,29,"19,77398646","8,941308333",13,5,26,17,20,18,52,"20,03627451","116,8041667","275,0277778","24,48974359","13,51666667","50,09166667","145,375","13,75833333"
2024-01-12,6,0,1,"18,5","24,1",111685,37,375,116,20,"9,486127381","6,58305",15,9,28,6,20,11,54,"21,875","70,065","134,9939394","37,0867284","20,7","43,58333333","108,7833333","18,44166667"
2024-01-13,7,0,0,"21,5",30,111685,37,347,82,19,"25,16260185","23,10621667",10,5,6,10,10,8,35,"21,38333333","220,1233333","274,39375","41,74428571","15,3","33,5","146,7166667","21,96666667"
2024-01-14,1,0,0,"20,5","32,6",111685,37,290,118,33,"14,58121136","10,07923333",9,11,1,11,19,12,48,"31,03333333","121,595614","216,6583333","24,653125","18,13333333",40,"91,225","19,375"
2024-01-15,2,0,1,"22,3","29,3",111685,37,530,162,23,"69,98943725","8,675783333",11,7,18,15,25,20,73,"21,79444444","51,846","294,2166667","32,05136986",18,"33,4","186,6166667","27,36666667"
2024-01-16,3,0,1,"20,3","27,3",111685,37,380,149,20,"219,5844108","10,65316667",18,8,29,13,12,23,67,"121,0910256","70,01666667","109,1115942","37,35",26,"38,625",74,"27,83333333"
2024-01-17,4,0,1,"21,5",27,111685,37,407,140,24,"36,971285","13,94375833",4,6,18,9,11,23,60,"15,47592593","44,66515152","140,1833333","36,55777778","15,01666667","20,33333333","90,78333333","30,56666667"
2024-01-18,5,0,1,"22,7","27,5",111685,37,373,166,30,"38,51912281","11,9675",10,9,55,14,12,26,56,"24,54880952","166,8875","139,9320513","30,56279762","21,83333333","49,58333333","88,8","22,69166667"
2024-01-19,6,0,1,21,"28,5",111685,37,413,110,21,"17,69254688","13,96361667",7,3,4,9,17,6,42,"17,41666667","56,4372549","190,4944444","39,38571429",19,44,"160,2583333","29,99166667"
2024-01-20,7,0,0,19,"26,5",111685,37,298,98,21,"10,12848889","6,298575",4,4,0,9,18,4,44,"20,90555556","76,09722222","129,325","38,98939394","27,18333333","34,25833333","86,55","30,40833333"
2024-01-21,1,0,0,20,26,111685,37,313,93,15,"12,06869242","4,637333333",3,8,1,8,19,6,46,"30,55833333","33,49824561","227,975","31,62137681","18,55","24,56666667","224,8583333","24,2"
2024-01-22,2,0,1,21,"26,2",111685,37,437,169,26,"13,50755641","6,525716667",13,8,17,10,20,31,70,"33,86333333","99,43666667","139,8956989","33,80904762","22,23333333","30,94166667","103,2833333","25,925"
2024-01-23,3,0,1,"21,2","26,8",111685,37,384,156,22,"31,45885444","10,49",18,6,25,14,17,21,78,"46,98809524","150,3382353","158,3087302","44,03440171","13,5","29,66666667","147,9333333","32,91666667"
2024-01-24,4,0,1,"21,2","27,4",111685,37,349,137,27,"39,55399375","7,796116667",11,10,15,11,19,21,61,"17,90151515","96,9245614","135,9","33,54972678","14,15","29,48333333","125,3","23,93333333"
2024-01-25,5,0,1,"22,4","28,2",111685,37,424,135,19,"60,46007381","22,80655",11,8,7,8,20,15,63,"27,86041667","125,2641667","157,5833333","29,21428571","22,08333333","52,65833333","128,2333333","23,33333333"
2024-01-26,6,0,1,22,"28,5",111685,37,402,132,19,"22,67306979","13,753725",13,5,5,3,20,12,65,"253,7388889","58,21416667","240,8486111","47,79282051","47,21666667",30,"179,2666667","36,1"
2024-01-27,7,0,0,"21,8","28,3",111685,37,317,105,14,"32,31158667","9,913858333",7,3,7,14,17,15,44,"28,79166667","33,94705882","340,5577778","32,12878788","18,83333333","24,91666667","200,55","28,63333333"
2024-01-28,1,0,0,"22,3","27,9",111685,37,279,90,16,"11,16961167","6,433866667",3,4,2,8,23,8,38,"26,97916667","51,35869565","155,9229167","46,01929825","23,23333333","28,9","51,175","29,11666667"
2024-01-29,2,0,1,"23,4","29,3",111685,37,498,170,21,"82,42438111","2,928333333",15,5,15,7,20,26,76,"22,24761905","69,34833333","159,3044872","30,86776316","21,8","35,38333333","122,2333333","21,65833333"
2024-01-30,3,0,1,"25,1","31,6",111685,37,400,172,29,"59,79147063","9,87505",26,7,28,11,16,24,63,"18,27272727","33,028125","155,9909722","24,27830688","14,3","32,01666667","79,36666667","17,25"
2024-01-31,4,0,1,"26,4","32,1",111685,37,393,124,16,"-3561,989604","7,2325",9,12,9,11,17,15,55,"16,77121212","107,777451","166,1311111","47,67060606",17,"25,83333333","113,2166667","34,66666667"
2024-02-01,5,0,1,"26,9","34,2",110913,37,343,117,13,"4862,641013","6,59495",9,7,10,13,21,12,44,"119,2397436","35,92857143","123,0472222","30,46022727",12,27,93,"21,5"
2024-02-02,6,0,1,26,"32,5",110913,37,377,127,32,"33,9037246","9,956",17,4,31,13,20,12,44,"48,71538462","129,5066667","240,5055556","53,57159091","27,28333333","67,10833333","190,675","54,53333333"
2024-02-03,7,0,0,"25,5",33,110913,37,313,104,24,"18,87364359","14,01223333",4,3,0,4,27,9,37,"32,425","137,2691358","203,762963","32,51126126","20,90833333",37,"151,8166667","20,46666667"
2024-02-04,1,0,0,19,"28,4",110913,37,346,90,18,"21,64545303","19,26521667",7,6,0,10,20,8,36,"40,22166667","48,32416667","81,52916667","35,19490741","23,35833333","24,70833333","69,49166667","13,90833333"
2024-02-05,2,0,1,"20,6","29,9",110913,37,454,128,15,"6250,73734","11,717475",14,4,13,9,9,23,57,"20,77222222","32,28148148","107,1847826","53,99766082","20,83333333","17,78333333","84,33333333","42,43333333"
2024-02-06,3,0,1,24,"31,8",110913,37,397,132,26,"2503,979455","6,765116667",16,8,21,11,19,12,60,"18,82121212","50,60263158","190,25","25,37583333","18,76666667","34,3","95,88333333","20,60833333"
2024-02-07,4,0,1,"25,3",32,110913,37,404,137,13,"4816,612289","12,7645",10,10,10,14,22,19,63,"19,03809524","60,98333333","141,6192982","41,27037037","11,65","43,025","77,33333333","22,38333333"
2024-02-08,5,0,1,"22,7","31,7",110913,37,406,112,16,"3446,779906","5,964",6,5,16,13,16,12,45,"24,57948718","37,35416667","131,8638889","31,14296296","24,68333333","30,74166667","79,35833333","24,96666667"
2024-02-09,6,0,1,"24,4",30,110913,37,360,120,27,"7,967234848","6,632775",12,10,20,11,22,10,45,"31,22727273","160,6795455","80,81166667","30,58",16,"53,89166667","24,76666667","24,98333333"
2024-02-10,7,0,0,24,"31,2",110913,37,329,118,27,"2640,652906","19,68178333",4,4,0,13,35,10,39,"57,93205128","37,5647619","197,6433333","38,20470085",16,28,"176,3166667","30,33333333"
2024-02-11,1,0,0,24,"31,4",110913,37,277,96,18,"16,70315897","7,3075",3,5,1,8,22,11,38,"35,66458333","40,00151515","251,2651515","52,21666667","19,35","25,93333333","111,2","29,35"
2024-02-12,2,1,0,"19,6","30,5",110913,37,329,106,34,"25,79412619","9,58405",6,4,18,10,22,11,38,"18,10833333","97,48560606","102,7075758","31,82368421",15,"34,54166667","65,41666667","25,925"
2024-02-13,3,1,0,"14,4","25,5",110913,37,376,98,23,"20,47235313","13,62791667",2,7,9,14,20,7,35,"20,58809524","100,7391667","122,7142857","39,45047619","19,05","29,21666667","171,4166667","29,11666667"
2024-02-14,4,0,1,18,"23,4",110913,37,446,119,19,"116,8049346","14,93093333",9,11,69,9,21,14,42,"86,00185185","53,71587302","231,6297619","44,98412698",16,53,"101,6416667","38,575"
2024-02-15,5,0,1,21,"26,8",110913,37,420,130,27,"33,74314524","11,86944167",13,5,32,10,8,16,59,"80,06","42,92916667","233,8541667","31,2980226","20,91666667","23,38333333","145,3083333","24,28333333"
2024-02-16,6,0,1,"22,9","26,8",110913,37,424,133,35,"35,36593167","11,95333333",4,7,25,11,17,16,54,"25,99090909","71,49509804","204,9291667","51,46141975",24,"31,43333333","159,55","41,35833333"
2024-02-17,7,0,0,"22,7","26,6",110913,37,348,91,24,"12,08146429","6,834833333",4,2,11,9,14,11,33,"81,03333333","75,18928571","204,0727273","40,95353535","13,1","30,5","143,0333333","28,25"
2024-02-18,1,0,0,24,"27,3",110913,37,297,107,14,"25,81366667","5,764566667",5,10,4,6,22,15,48,"23,03333333","30,18106061","271,8711111","27,06597222","19,45833333","26,2",171,"19,64166667"
2024-02-19,2,0,1,"22,1","27,6",110913,37,447,144,21,"24,72907083","7,312883333",12,10,12,10,18,23,54,"24,59833333","115,9972222","211,6521739","33,23641975","24,25","35,975","150,5833333","24,775"
2024-02-20,3,0,1,"23,4","27,3",110913,37,397,150,23,"36,6578787","24,20505",19,6,21,12,28,24,61,"20,07361111","41,08928571","248,1145833","45,81994536","22,90833333","33,5","172,325","34,45"
2024-02-21,4,0,1,24,29,110913,37,425,131,16,"11,92272879","11,98471667",8,5,30,7,16,14,61,"36,35","162,3760417","178,1178571","53,45464481","23,73333333","51,5","80,25","48,03333333"
2024-02-22,5,0,1,"23,5",29,110913,37,331,134,26,"139,569502","17,6774",15,10,40,17,14,17,52,"80,59705882","60,61190476","227,0313725","38,60576923",17,"43,575","225,8666667","30,26666667"
2024-02-23,6,0,1,"22,4",29,110913,37,414,121,35,"28,48315667","10,86108333",5,5,11,5,25,2,40,"30,81333333","40,038","639,0833333","33,64416667","27,33333333",38,"639,0833333","28,00833333"
2024-02-24,7,0,0,"20,7",26,110913,37,322,84,21,"23,58761061","23,61071667",7,7,24,8,17,9,32,"20,27291667","112,3784314","224,912963","32,10104167","18,36666667",26,"151,65","25,46666667"
2024-02-25,1,0,0,"20,4",26,110913,37,323,108,21,"31,80162639","6,678583333",10,5,14,7,24,15,45,"17,13809524","102,2166667","246,0133333","37,72037037","14,48333333","22,75833333","73,23333333","27,8"
2024-02-26,2,0,1,"20,1","24,6",110913,37,449,170,21,"325,3930202","26,01075",9,9,89,13,19,26,78,"13,06794872","61,42982456","151,8923077","33,725",13,"36,2","116,2666667","28,71666667"
2024-02-27,3,0,1,"22,5","26,5",110913,37,431,148,24,"53,86208","22,91316667",11,10,122,13,26,22,50,"21,05","154,2807692","187,1931818","39,05133333","17,96666667","34,475","128,775","22,71666667"
2024-02-28,4,0,1,"22,5","28,5",110913,37,409,164,33,"65,93095635","20,00466667",16,9,104,15,14,21,72,"44,96222222","41,66071429","186,6452381","48,27430556",17,"41,125","109,9833333","42,56666667"
2024-02-29,5,0,1,"23,4",28,110913,37,394,136,18,"68,06805833","19,459275",15,10,69,8,16,21,55,"18,76458333","119,3395833","200,7007937","38,28121212",17,"33,34166667","184,6333333","28,75"
2024-03-01,6,0,1,"21,8","27,3",109577,37,387,164,33,"1851,611539","12,018475",16,4,24,17,19,13,65,"28,38235294","52,13333333","162,5974359","53,77179487","20,66666667",33,102,"40,9"
2024-03-02,7,0,0,"24,1","28,2",109577,37,333,110,30,"25,28251587","14,00166667",3,7,10,14,20,8,36,"32,60595238","40,6375","143,1583333","32,02222222","26,025","39,64166667","144,475","21,775"
2024-03-03,1,0,0,"17,2",26,109577,37,332,105,15,"11,80757879","12,39845",3,8,5,7,29,4,44,"38,48333333","39,8637931","121,9375","40,42386364","17,25","29,1","42,29166667","25,825"
2024-03-04,2,0,1,"16,8","25,1",109577,37,459,145,27,"41,68146667","13,92455",18,11,40,15,19,15,67,"57,56777778","115,5245614","274,3011111","41,54004975",19,"40,8","167,4666667","33,66666667"
2024-03-05,3,0,1,"16,5","22,8",109577,37,406,142,19,"3048,381827","12,20038333",9,6,43,11,17,20,60,"76,53939394","42,46764706","195,2808333","34,05305556","15,43333333",46,"106,8166667","25,91666667"
2024-03-06,4,0,1,18,"24,5",109577,37,442,140,19,"22,90034524","20,19060833",20,6,24,7,13,27,63,"20,11904762","36,15897436","273,3080247","31,95846561","22,38333333","26,31666667","119,85","25,76666667"
2024-03-07,5,0,1,"20,1",28,109577,37,437,154,33,"22,18073968","10,73878333",13,9,28,8,14,20,65,"19,42916667","61,77738095","208,9966667","35,00230769","17,99166667","41,60833333","158,1166667","22,63333333"
2024-03-08,6,0,1,22,"27,5",109577,37,442,148,23,"19,71390833","7,113166667",20,7,31,9,16,13,78,"36,42222222","81,184375","237,6602564","53,01880342",30,"47,575",249,"46,26666667"
2024-03-09,7,0,0,"21,5","31,9",109577,37,414,103,16,"2466,966091","10,05928333",4,11,9,10,23,11,40,"18,305","40,81956522","192,9545455","30,10166667","13,175",32,163,"24,19166667"
2024-03-10,1,0,0,"21,6","27,7",109577,37,413,148,23,"2565,120498","10,34516667",12,6,41,12,30,12,67,"61,49027778","97,17833333","145,4194444","35,48930348","17,55","28,6","143,9166667","25,31666667"
2024-03-11,2,0,1,"19,8","26,5",109577,37,498,199,23,"28,2873037","12,78190833",13,15,43,8,26,26,99,"24,03333333","108,8512821","218,8916667","35,54259259","12,825","52,04166667","99,725","29,96666667"
2024-03-12,3,0,1,18,24,109577,37,423,191,24,"27,23723981","13,67826667",13,19,51,7,25,26,97,"80,08571429","38,35666667","185,2570513","41,30257732","19,43333333",31,"119,225","32,68333333"
2024-03-13,4,0,1,"21,1","24,3",109577,37,441,181,23,"15,18542583","13,50235833",11,8,82,17,19,27,86,"19,56862745","131,0315789","221,2876543","49,13333333","19,7","54,11666667","145,3666667","37,65"
2024-03-14,5,0,1,"21,4","22,8",109577,37,470,166,15,"48,56733974","10,19816667",15,15,53,17,22,24,71,"21,71960784","99,53863636","189,1618056","42,17558685","20,4","34,55","120,0666667","27,45"
2024-03-15,6,0,1,21,"25,5",109577,37,501,131,22,"36,17456481","9,579925",14,11,25,9,20,10,60,"39,98333333","197,63","338,37","57,28666667","20,61666667","56,975","163,9416667","52,61666667"
2024-03-16,7,0,0,"22,5","26,5",109577,37,446,156,31,"24,26646354","19,83175",6,8,16,9,28,16,72,"63,33148148","79,68333333","143,0197917","51,225",18,27,"164,2166667","40,73333333"
2024-03-17,1,0,0,"20,5","26,2",109577,37,401,117,18,"23,97715","6,371383333",3,5,17,4,18,7,70,"14,48333333","34,1537037","317,5690476","58,67666667","10,56666667","30,14166667","340,6","48,81666667"
2024-03-18,2,0,1,20,"26,6",109577,37,604,208,23,"24,87479556","22,3104",23,13,45,8,32,30,105,"28,13333333","95,94322917","216,6438889","54,05460317","23,1","48,14166667","161,8083333","45,96666667"
2024-03-19,3,0,1,"19,7","26,5",109577,37,500,180,21,"41,73500104","16,63484167",40,12,50,11,22,19,97,"122,1075758","162,0931818","244,4824561","52,93745704","30,16666667","63,73333333","183,45","40,45"
2024-03-20,4,0,1,20,"24,5",109577,37,392,192,25,"212,9298646","20,95008333",25,8,25,20,18,20,102,"56,67083333","91,46018519","249,4733333","60,10980392","24,15","38,5","148,2416667","50,325"
2024-03-21,5,0,1,"14,6","21,9",109577,37,531,171,22,"66,91367857","29,25025",10,13,22,9,21,26,85,"15,8462963","40,62222222","301,4782051","65,78529412","18,33333333","31,35","194,5666667","50,7"
2024-03-22,6,0,1,"13,4",21,109577,37,473,160,20,"17,05902","16,64145",18,10,15,8,18,15,85,"43,72708333","47,1462963","271,62","52,78352941","28,01666667","35,48333333","221,4","43,73333333"
2024-03-23,7,0,0,18,"24,1",109577,37,380,123,17,"25,28540667","25,75944167",6,3,35,13,19,10,56,"82,25769231","60,00263158","223,23","37,17589286","31,91666667","39,8","139,6583333","30,94166667"
2024-03-24,1,1,0,"19,7","27,4",109577,37,406,164,27,"95,19218039","18,39245",10,6,31,16,28,14,82,"21,09375","79,14761905","184,7452381","40,76361789","18,63333333","31,49166667","164,9416667","27,38333333"
2024-03-25,2,0,1,"19,9",25,109577,37,602,227,27,"45,16999222","11,8779",19,14,62,10,26,19,138,"137,825","89,66858974","212,6684211","30,53985507","13,625","42,65833333","160,7166667",17
2024-03-26,3,0,1,"18,1","23,5",109577,37,522,201,25,"14,1005713","10,60378333",46,13,27,12,21,23,110,"35,99444444","83,2547619","176,5384058","30,11121212","20,43333333",42,"112,9833333","22,4"
2024-03-27,4,0,1,"20,3","26,3",109577,37,503,185,23,"16,6127402","14,34955",11,14,22,10,34,21,93,"84,63666667","110,7504902","250,6452381","46,56433692","31,40833333","46,94166667",183,"40,03333333"
2024-03-28,5,0,1,"21,4","25,9",109577,37,425,157,23,"27,51341354","14,7435",7,13,12,11,17,19,77,"31,5969697","34,70294118","184,7649123","40,15194805","22,65",31,135,"27,51666667"
2024-03-29,6,1,0,"21,1","26,8",109577,37,393,160,45,"111,607037","21,22733333",7,7,29,20,29,9,69,"15,275","44,46034483","444,3685185","22,03550725","12,36666667","34,1","425,1666667","12,1"
2024-03-30,7,0,0,20,30,109577,37,406,142,26,"40,00312059","16,16976667",6,7,11,7,23,11,75,"24,4952381","98,96956522","354,5242424","29,104","18,43333333","34,31666667","373,8","19,06666667"
2024-03-31,1,0,0,"18,5","25,8",109577,37,337,106,22,"25,45007821","12,6606",4,7,4,7,19,7,54,"215,0404762","116,8377193","344,9095238","22,7345679","15,15","35,21666667","284,1833333","15,55833333"
2024-04-01,2,1,0,16,21,108151,37,422,134,36,"2132,996264","7,9935",10,10,7,9,19,14,54,"14,34814815","54,77192982","236,875","39,16820988","12,33333333","21,66666667","77,49166667","34,15833333"
2024-04-02,3,1,0,"14,5","21,3",108151,37,435,128,25,"5554,281585","28,481525",5,7,51,8,18,10,71,"28,70208333","40,01203704","119,1816667","39,45187793","12,61666667","28,98333333","75,4","31,5"
2024-04-03,4,0,1,16,"20,7",108151,37,521,197,12,"45,64634167","7,794225",25,18,23,12,22,35,99,"75,21111111","83,28409091","209,2038095","37,87946128","16,025","30,1","132,5333333","26,15"
2024-04-04,5,0,1,"14,5","21,7",108151,37,485,166,17,"21,22753125","13,8947",23,4,59,15,16,13,92,"21,02666667","109,9697917","249,575641","43,63822464","17,43333333",53,"154,1","37,025"
2024-04-05,6,0,1,"16,7","24,5",108151,37,484,163,25,"2926,384916","11,46626667",14,5,37,12,20,14,83,"31,09583333","152,4358333","172,622619","48,82550201","28,21666667","52,29166667","188,8333333","45,9"
2024-04-06,7,0,0,"18,5","24,5",108151,37,390,139,15,"8793,066528","12,14108333",9,8,5,17,21,14,76,"19,21666667","38,83730159","143,0702381","39,90350877","17,21666667","30,93333333","122,325","29,00833333"
2024-04-07,1,0,0,"19,2","24,2",108151,37,352,126,11,"5036,478589","40,62483333",7,6,21,8,13,12,77,"17,22916667","48,24102564","216,8277778","29,23246753",14,"43,18333333","155,475","24,81666667"
2024-04-08,2,0,1,"19,1","24,1",108151,37,564,196,25,"23,4599131","14,15905",27,13,126,17,17,25,102,"46,15882353","30,2754902","242,1793333","44,55996732","16,81666667","25,4","148,8666667","37,55833333"
2024-04-09,3,0,1,19,27,108151,37,425,168,31,"35,69096136","11,162",11,12,101,8,20,18,81,"101,4541667","118,9808333","282,2388889","33,3100823","21,625","34,48333333","153,425","29,2"
2024-04-10,4,0,1,"13,5",20,108151,37,464,126,11,"5411,001646","8,439058333",7,10,11,8,9,25,66,"53,94583333","37,13148148","186,8766667","44,36565657","19,14166667",28,"146,8833333","31,26666667"
2024-04-11,5,0,1,"13,2","18,8",108151,37,411,163,18,"51,22421389","14,34439167",12,8,72,12,19,21,79,"71,27083333","64,58070175","234,4777778","34,98544304","22,5",29,"181,85","31,18333333"
2024-04-12,6,0,1,"14,4",20,108151,37,477,160,21,"-18639,47794","6,692358333",10,12,8,13,28,22,69,"55,93846154","78,40892857","185,9287879","47,7294686","23,53333333","32,875","168,325","37,55"
2024-04-13,7,0,0,"16,5","19,3",108151,37,354,120,24,"9,565696154","3,09195",3,3,4,9,15,15,54,"25,91666667","40,58888889","154,8788889","25,69475309",20,"39,15","124,4333333","20,35"
2024-04-14,1,0,0,"18,7",21,108151,37,349,129,30,"103,9939921","29,02476667",6,4,68,14,22,14,55,"75,07738095","66,79090909","156,6642857","22,3330303","18,28333333",36,66,"19,83333333"
2024-04-15,2,0,1,"20,4",24,108151,37,450,199,33,"71,69307583","28,96689167",22,7,68,13,23,21,94,"65,65128205","62,09637681","256,9642857","58,66453901","13,81666667","32,4","93,2","51,96666667"
2024-04-16,3,0,1,"15,6","21,6",108151,37,425,138,10,"52,58251","22,9851",9,7,22,9,11,20,70,"19,03518519","25,77575758","291,8166667","44,76333333",18,20,"157,225","32,66666667"
2024-04-17,4,0,1,"14,4","24,2",108151,37,465,148,32,"98,43491528","16,780025",24,13,56,12,18,21,59,"27,78472222","58,68148148","267,2238095","53,3559322","16,86666667","35,80833333",227,"42,41666667"
2024-04-18,5,0,1,13,"21,5",108151,37,480,158,22,"27,25201444","15,41183333",17,9,33,10,24,15,81,"77,425","85,99722222","174,0855556","47,08683128","19,45833333","31,99166667",209,"35,83333333"
2024-04-19,6,0,1,"16,5","25,5",108151,37,456,153,19,"27,74060119","7,381783333",9,10,21,9,19,17,84,"37,75740741","59,96491228","375,7745098","57,03373016","16,96666667",30,"266,95","40,7"
2024-04-20,7,0,0,"17,6","24,1",108151,37,348,115,28,"44,70179259","32,044225",3,3,39,7,21,10,51,"20,8547619","30,24920635","172,4416667","26,50980392",16,30,"147,2166667","20,46666667"
2024-04-21,1,0,0,"18,4",23,108151,37,320,110,21,"100,1842689","29,3426",2,4,17,10,18,11,55,"61,33833333","53,31203704","166,8893939","21,01848485","13,83333333","26,16666667","59,06666667","11,45"
2024-04-22,2,0,1,16,"20,6",108151,37,524,214,29,"19,42635588","10,60793333",18,11,39,10,23,35,103,"70,4","50,75652174","195,5942857","44,06359223","14,83333333","31,16666667","166,7666667","23,53333333"
2024-04-23,3,0,1,"17,1","22,1",108151,37,424,168,18,"161,5940462","25,94316667",7,7,36,9,16,29,84,"89,42407407","104,0885417","150,1689655","27,71150794","17,23333333","36,575","101,0666667","19,08333333"
2024-04-24,4,0,1,"12,5",20,108151,37,454,172,42,"34,21989598","10,83361667",22,9,67,6,26,21,65,"16,03055556","41,06217949","277,8611111","38,08538462","13,93333333","34,06666667",162,"28,96666667"
2024-04-25,5,0,1,15,"18,5",108151,37,402,168,20,"-6046,074571","25,22983333",14,12,56,12,23,24,79,"18,64166667","156,0528986","155,3201389","34,44620253","14,00833333",39,"98,125","28,86666667"
2024-04-26,6,0,1,"16,8",20,108151,37,371,165,41,"22,18654097","21,14028333",20,11,23,15,22,21,66,"14,86","78,16666667","214,1095238","41,50833333","12,63333333","24,6","133,8","26,59166667"
2024-04-27,7,0,0,"13,5",18,108151,37,343,111,14,"17,88915","8,593733333",5,4,0,7,23,20,45,"19,67142857","164,3449275","172,1175","23,8737037",22,36,"92,9","15,95"
2024-04-28,1,0,0,"9,6","19,5",108151,37,335,130,25,"24,58280833","15,84760833",13,5,16,16,16,19,59,"18,00208333","41,28020833","138,4368421","43,39661017","14,45","40,5","108,3","33,26666667"
2024-04-29,2,0,1,"15,1","19,5",108151,37,509,206,19,"53,76428452","29,88796667",13,16,122,6,17,35,111,"13,12777778","39,34019608","233,17","45,47312312","11,24166667","30,86666667","140,4666667","44,86666667"
2024-04-30,3,0,1,18,"20,5",108151,37,453,161,21,"-11928,92491","17,74621667",13,12,40,11,20,15,83,"141,019697","52,70666667","275,3255556","36,79578313","11,18333333","28,49166667",219,"31,3"
2024-05-01,4,1,0,"14,3","18,8",106920,37,337,102,12,"23,50557381","12,96555",0,7,5,7,19,9,52,"14,62857143","28,28333333","261,4222222","24,67980769","9,6","27,48333333","81,83333333","21,14166667"
2024-05-02,5,0,1,"9,8","16,5",106920,37,417,217,22,"12,97775128","9,169833333",12,11,30,6,27,44,101,"16,50555556","83,72098765","217,6715909","35,08514851","15,51666667",44,"184,8","30,68333333"
2024-05-03,6,0,1,"8,4",16,106920,37,446,181,23,"20,95081444","14,35516667",11,8,40,10,30,21,85,"22,70166667","90,31722222","298,7039683","58,64568627","16,9","26,5","165,65","42,76666667"
2024-05-04,7,0,0,"13,7","18,3",106920,37,349,149,29,"28,25401417","17,20203333",4,5,23,13,29,28,49,"129,8679487","36,09425287","139,7142857","35,01938776","22,23333333","25,33333333","138,825","24,15"
2024-05-05,1,0,0,"17,5","20,3",106920,37,377,123,23,"5528,7275","34,599475",4,10,15,12,16,12,60,"136,6791667","46,61041667","91,43194444","26,25472222","19,125","30,60833333","73,93333333","22,13333333"
2024-05-06,2,0,1,"17,2","20,6",106920,37,548,205,28,"23,76791569","16,43416667",20,9,73,20,16,35,102,"86,88916667","120,853125","181,4285714","39,64068627","15,55833333","34,94166667","134,2666667","32,56666667"
2024-05-07,3,0,1,"16,8","19,8",106920,37,523,185,29,"4668,0349","19,4214",20,17,130,10,26,26,88,"37,74","153,4346154","355,4698718","37,27954545","26,74166667","31,09166667","208,375","27,975"
2024-05-08,4,0,1,"13,1","19,5",106920,37,471,138,24,"8300,110995","31,30910833",7,6,65,10,11,21,68,"18,08666667","32,72878788","130,5547619","40,82230392","16,45833333","26,45","115,3833333","34,5"
2024-05-09,5,0,1,"6,8","16,8",106920,37,323,146,23,"30,22908056","11,48525",5,17,62,10,14,22,69,"12,01","77,02380952","120,1712121","32,46666667","11,91666667","28,5","101,8","26,63333333"
2024-05-10,6,0,1,"13,4","17,1",106920,37,507,164,21,"378,0407657","13,70705",10,14,35,11,25,20,76,"14,11212121","108,53","270,02","51,44846491","12,85",28,"189,975","43,79166667"
2024-05-11,7,0,0,"12,3","17,7",106920,37,374,96,17,"39,40845455","9,271766667",8,5,8,10,17,11,44,"94,75666667","39,84117647","203,7318182","43,52613636","21,15833333","34,1","194,4666667","29,18333333"
2024-05-12,1,0,0,"9,5","13,4",106920,37,368,147,27,"19,12985778","14,21026667",4,9,48,15,22,19,71,"111,3977778","34,82878788","111,5526316","27,19624413",16,"28,34166667",6,"14,71666667"
2024-05-13,2,0,1,"5,8","14,8",106920,37,569,252,33,"637,1177285","20,55633333",32,25,135,16,27,28,141,"46,40833333","64,93950617","234,8184524","52,64007092","14,24166667",25,"194,175","46,75"
2024-05-14,3,0,1,"6,7","14,2",106920,37,516,217,30,"125,5080517","15,78009167",31,15,74,15,26,34,111,"36,69777778","46,12884615","212,4465686","50,58228228",25,"41,05833333","140,6666667","48,85"
2024-05-15,4,0,1,"7,5",17,106920,37,506,192,28,"25,51945351","16,68611667",15,15,33,14,23,35,97,"26,18809524","70,34927536","229,2271429","58,20756014","25,09166667","32,11666667",154,"52,58333333"
2024-05-16,5,0,1,"9,5",18,106920,37,505,172,26,"90,39806","26,548475",20,13,108,7,17,36,77,"26,36904762","61,39215686","213,1050926","43,32640693",20,55,"160,525","34,16666667"
2024-05-17,6,0,1,"8,7",15,106920,37,528,185,26,"34,78230833","11,28219167",13,13,55,9,29,26,90,"28,33703704","125,7195402","233,6820513","70,05722222","27,36666667","30,71666667","199,6416667","48,9"
2024-05-18,7,0,0,"5,8",14,106920,37,389,148,13,"20,41561667","5,175",4,10,2,2,15,23,90,"336,2333333","83,59","189,192029","44,04648148","336,2333333","33,03333333","131,7333333","34,625"
2024-05-19,1,0,0,"6,5","14,6",106920,37,396,224,27,"27,10424556","13,7709",14,15,29,13,20,44,123,"28,3","45,59","173,0628788","21,53780488",15,"44,8","112,15","6,933333333"
2024-05-20,2,0,1,8,16,106920,37,609,313,30,"35,56269167","13,136725",55,23,73,8,18,57,178,"27,7875","60,94259259","204,6172515","44,4928839","22,79166667","50,79166667","86,43333333","34,75"
2024-05-21,3,0,1,"11,5","14,7",106920,37,489,255,28,"104,8324258","18,725775",17,23,92,10,29,40,142,"54,63","189,1431034","205,36875","47,06725352","14,20833333","45,81666667","142,5","33,54166667"
2024-05-22,4,0,1,"10,7","14,5",106920,37,474,263,22,"95,8942125","15,84825",38,23,100,11,24,58,139,"23,48030303","132,3006944","245,9077586","54,26115108",21,"52,7","163,2916667","34,01666667"
2024-05-23,5,0,1,"11,5",16,106920,37,548,283,30,"34,1039058","29,44133333",24,22,148,12,28,47,153,"29,40833333","142,4863095","204,8851064","42,44738562","33,475","52,45833333","162,2166667","34,21666667"
2024-05-24,6,0,1,"6,7","13,2",106920,37,440,234,37,"35,42908788","19,64028333",25,18,74,13,20,22,129,"141,7602564","155,9233333","230,3962121","38,69599483",28,56,"53,99166667","32,28333333"
2024-05-25,7,1,0,"3,9","11,9",106920,37,385,189,26,"667,0340844","21,1665",8,23,22,9,19,18,114,"16,22962963","38,65175439","213,2796296","33,1374269",12,"33,98333333","124,6333333","18,80833333"
2024-05-26,1,0,0,"6,8","11,5",106920,37,408,281,29,"16,81918333","12,21416667",17,25,16,15,27,51,166,"51,19888889","68,74320988","206,2153595","36,76837349","21,95",46,"93,15","31,85833333"
2024-05-27,2,0,1,"7,5","11,1",106920,37,559,406,32,"41,58786181","21,83675833",37,22,114,14,25,61,251,"63,07738095","159,6553333","242,4702186","35,87257636","41,075",56,"164,6666667","32,68333333"
2024-05-28,3,0,1,"8,5",13,106920,37,525,305,22,"14,16837262","8,012141667",27,25,20,19,22,32,205,"64,15964912","39,33712121","340,9135417","58,27731707",16,"31,56666667","281,3666667","45,93333333"
2024-05-29,4,0,1,11,"16,5",106920,37,534,365,24,"25,98605238","12,15230833",54,25,26,18,24,49,248,"30,03888889","106,3680556","329,8880952","49,96008065","19,5",35,"250,1333333","40,275"
2024-05-30,5,0,1,"12,5","16,6",106920,37,492,310,25,"12,77434216","8,0316",25,19,49,13,18,34,199,"34,13974359","57,61944444","181,8872549","53,39430486",24,39,"137,4166667","41,76666667"
2024-05-31,6,0,1,11,16,106920,37,458,238,20,"16,26517564","11,05795",40,13,17,9,26,21,143,"43,67962963","57,76602564","350,5119048","66,79685315",35,38,298,"57,36666667"
2024-06-01,7,0,0,"13,3","23,3",106206,37,420,209,34,"2240,671646","15,371475",10,9,32,10,25,24,114,"154,7683333","86,06333333","202,7895833","33,91461988","13,59166667",35,"115,35","18,46666667"
2024-06-02,1,0,0,"10,5","18,1",106206,37,415,205,20,"3132,948414","19,79305",7,7,9,7,20,19,142,"37,35952381","66,6475","242,7745614","25,76525822","21,35",31,"131,55","14,31666667"
2024-06-03,2,0,1,"5,8","12,2",106206,37,526,247,15,"20,02503704","8,9859",20,16,59,11,21,32,155,24,"76,10555556","289,4197917","38,93784946","23,91666667",31,"193,6333333","30,46666667"
2024-06-04,3,0,1,"8,3","13,3",106206,37,511,276,16,"12,87824286","10,00521667",32,19,47,12,20,37,175,"23,07361111","122,1416667","301,2527027","47,95019048","23,25","34,66666667","263,15","36,1"
2024-06-05,4,0,1,"10,5",15,106206,37,529,278,27,"17,30843509","5,184",24,17,58,13,24,37,162,"37,35","67,81875","235,6581081","40,38662551","28,1","35,7","147,2833333",24
2024-06-06,5,0,1,"13,7","16,3",106206,37,496,254,33,"1889,477509","20,71611667",22,21,155,8,30,43,139,"19,96875","55,76611111","201,0794574","46,67901679","17,5","37,35833333","130,8333333","33,26666667"
2024-06-07,6,0,1,14,"18,5",106206,37,449,242,22,"19,45141875","14,18710833",14,13,67,13,29,33,138,"120,7141026","41,61781609","185,5126263","52,94903382","21,4",37,"155,9833333","41,525"
2024-06-08,7,0,0,15,"21,2",106206,37,377,161,21,"15701,57166","22,9872",14,13,35,7,17,21,92,"172,3928571","33,74705882","200,8444444","29,70398551","24,28333333","27,96666667","112,7","20,01666667"
2024-06-09,1,0,0,"17,4","26,5",106206,37,369,201,22,"20,58132745","13,84416667",12,13,23,10,20,39,113,"25,71333333","43,10916667","331,6051282","27,96651917","20,175","28,05","189,6666667","19,53333333"
2024-06-10,2,0,1,"12,9","19,8",106206,37,512,254,30,"-2855,542554","19,61826667",22,16,164,18,23,44,128,"104,0444444","53,49275362","232,6840909","54,90104167","25,13333333","26,8","152,0583333","41,56666667"
2024-06-11,3,0,1,12,"16,7",106206,37,504,217,35,"-9957,77918","13,39905",25,15,85,15,14,38,104,"32,14111111","85,60595238","360,2144737","66,88525641","22,71666667","37,6","263,9833333","46,69166667"
2024-06-12,4,0,1,14,19,106206,37,455,202,21,"151,8848233","24,25061667",21,13,108,12,26,25,112,"20,62916667","101,1596154","288,882","51,51755952","20,525","37,54166667","201,8","42,89166667"
2024-06-13,5,0,1,"17,6","23,8",106206,37,463,187,25,"74,86953922","16,5204",21,17,79,13,16,34,97,"69,36666667","38,525","284,4892157","43,80876289","18,6","31,825","170,9916667","35,86666667"
2024-06-14,6,0,1,"15,9","23,6",106206,37,411,160,25,"34,18589583","7,909825",14,14,40,16,23,25,69,"59,76666667","149,426087","321,186","57,04516908","13,68333333",51,261,"46,88333333"
2024-06-15,7,0,0,"12,8","19,8",106206,37,369,113,28,"18,54799035","6,380933333",2,6,5,6,9,14,52,"19,46388889","186,6259259","186,1845238","39,80128205","23,125",34,"138,875","30,125"
2024-06-16,1,0,0,"12,5","16,4",106206,37,276,112,24,"18,81612857","9,286558333",0,2,10,8,18,12,53,"20,40833333","111,1722222","183,9402778","15,17232704",18,"29,54166667","141,9666667","6,716666667"
2024-06-17,2,1,0,"12,7","16,2",106206,37,376,145,29,"20,21729352","15,25325",3,16,27,10,11,22,76,"18,31833333","36,77272727","156,7280303","18,66732456","14,68333333",36,"63,5","13,74166667"
2024-06-18,3,0,1,"14,2","18,1",106206,37,475,141,26,"39,60386296","15,07305833",11,1,65,12,16,13,69,"65,01527778","111,9458333","99,97564103","32,16714976","11,83333333","28,31666667","34,98333333","23,08333333"
2024-06-19,4,0,1,"13,8","18,7",106206,37,418,174,32,"16,47454015","10,64390833",18,6,40,12,18,25,83,"23,17638889","40,66666667","112,618","28,51485944","16,04166667","34,79166667","90,51666667","22,96666667"
2024-06-20,5,1,0,"8,8","15,6",106206,37,333,122,20,"42,1212963","20,53645",2,7,23,6,18,19,53,"16,68611111","27,73888889","100,7263158","23,13899371","15,5","26,4","41,43333333","15,01666667"
2024-06-21,6,1,0,13,"18,1",106206,37,303,120,18,"49,61072273","28,16516667",4,4,13,11,15,19,56,"14,39848485","36,08888889","215,8631579","36,87410714","15,58333333","34,41666667",142,"29,325"
2024-06-22,7,0,0,"13,6","18,7",106206,37,336,133,15,"6,512033333","6,239583333",3,3,6,6,21,15,74,"15,60833333","33,66031746","154,2833333","27,35472973","13,75","29,31666667","93,53333333","18,74166667"
2024-06-23,1,0,0,"7,8","15,5",106206,37,315,114,17,"13,33139444","8,331808333",6,6,5,13,23,9,56,"14,49230769","84,71231884","231,237037","34,75595238","12,13333333","28,26666667",198,"27,46666667"
2024-06-24,2,0,1,"5,7",12,106206,37,461,170,28,"268,8588702","16,41355",25,11,46,10,17,25,74,"19,335","30,32352941","205,4413333","39,20405405","14,30833333","25,76666667","149,85","33,76666667"
2024-06-25,3,0,1,"6,5","11,1",106206,37,383,146,19,"49,43538077","18,30316667",11,12,70,8,14,18,76,"15,79583333","33,39166667","248,2509259","39,13070175","12,45833333","35,35","149,0916667","32,35"
2024-06-26,4,0,1,"5,5","13,5",106206,37,371,131,25,"156,5508","20,34416667",17,6,106,10,14,22,58,"17,79333333","82,13809524","197,7492424","32,42097701","16,74166667","28,55833333","165,2416667","17,81666667"
2024-06-27,5,0,1,"7,8","17,3",106206,37,388,140,29,"209,4694148","23,24261667",16,8,80,11,17,12,57,"22,05151515","73,56960784","275,8597222","49,39649123","16,81666667","26,88333333","219,4333333","35,36666667"
2024-06-28,6,0,1,7,"15,6",106206,37,318,143,27,"65,72856471","18,58178333",6,1,18,11,17,13,57,"24,7","29,59215686","245,9192308","40,70233918","15,88333333",27,"185,9166667","32,46666667"
2024-06-29,7,0,0,"3,2","9,6",106206,37,276,133,22,"-4237,429969","21,30708333",4,6,3,10,19,15,66,"29,34","27,54473684","184,4444444","32,26060606","23,425",25,"110,2666667","25,88333333"
2024-06-30,1,0,0,"2,4",15,106206,37,282,130,15,"23,38589444","21,07111667",3,3,0,6,19,16,73,"16,68611111","34,72017544","220,4927083","36,60091324","12,24166667","33,23333333","127,1666667","26,88333333"
2024-07-01,2,0,1,"8,2",17,106021,37,421,223,39,"3358,311249","17,60275833",20,20,15,18,18,35,103,"28,73425926","33,55833333","220,1290476","42,66618123","26,93333333","29,83333333","144,85","31,58333333"
2024-07-02,3,0,1,7,"19,5",106021,37,384,160,26,"3236,710587","19,14305833",12,3,17,7,22,19,76,"15,48333333","182,2310606","231,9885965","32,81359649","17,06666667","33,56666667",125,"24,475"
2024-07-03,4,0,1,"6,4","15,7",106021,37,404,140,11,"26,52302593","19,185",10,8,5,10,14,18,74,"16,79","33,3797619","190,7638889","48,92612613","14,71666667","28,61666667","179,4","41,05"
2024-07-04,5,0,1,"4,7","13,8",106021,37,357,161,24,"31,47295714","28,07166667",16,12,40,15,15,22,72,"17,63222222","105,5977778","130,5371212","38,20347222",15,"16,8","77,76666667","27,8"
2024-07-05,6,0,1,"3,8",12,106021,37,325,143,38,"1873,415694","15,84644167",8,4,30,12,22,12,58,"13,74166667","30,63787879","300,3680556","39,96867816","12,56666667","27,1","321,5083333","24,01666667"
2024-07-06,7,0,0,"1,5",9,106021,37,304,97,20,"28,53752639","25,02690833",0,4,7,7,17,16,44,"32,74761905","48,35686275","203,915625","28,92310606","18,43333333","33,41666667","159,0083333","15,68333333"
2024-07-07,1,0,0,"4,4","10,5",106021,37,296,144,25,"13939,71258","17,49366667",9,11,4,8,17,19,67,"20,94583333","38,02254902","234,5008772","39,96542289","16,30833333","36,88333333","188,4","26,38333333"
2024-07-08,2,0,1,"2,8",9,106021,37,438,150,25,"52,90730595","32,18608333",16,11,45,8,25,20,58,"18,90416667","37,992","212,0841667","44,30229885","15,5","29,33333333","147,4833333","38,50833333"
2024-07-09,3,1,0,"2,1","9,1",106021,37,249,102,16,"23,53971296","17,3226",2,5,5,9,18,13,44,"14,02777778","23,51851852","300,4846154","45,38939394","16,38333333","21,74166667","147,7666667","38,70833333"
2024-07-10,4,0,1,"1,6","10,5",106021,37,419,200,30,"2141,511133","27,13721667",32,7,67,8,15,25,112,"23,38333333","35,26111111","295,6466667","52,56949405","16,1","29,1",117,"44,60833333"
2024-07-11,5,0,1,"1,5",12,106021,37,401,176,24,"48,52506228","25,13211667",22,9,48,12,12,27,94,"15,27361111","34,34444444","198,287037","51,18173759","13,525","33,11666667","141,8833333","46,625"
2024-07-12,6,0,1,4,14,106021,37,372,160,28,"-40350,38824","21,69095",12,7,22,13,17,23,76,"157,9230769","46,79019608","249,3253623","57,84276316","22,68333333","40,2","225,8833333","44,29166667"
2024-07-13,7,0,0,"4,5","12,1",106021,37,323,108,23,"29,72365694","20,71294167",1,6,2,9,19,10,51,"27,30740741","34,25087719","208,8083333","29,56143791","20,11666667","36,16666667","119,55","26,71666667"
2024-07-14,1,0,0,"4,3","11,4",106021,37,276,108,29,"165,5681143","13,85811667",3,6,0,9,16,11,47,"22,44259259","26,88125","89,96212121","25,18652482",18,"21,03333333","81,95","20,25"
2024-07-15,2,0,1,"7,8",15,106021,37,410,191,29,"18,82512083","9,191525",16,12,120,16,20,30,85,"17,28541667","72,0775","209,7533333","26,60333333","13,78333333","36,73333333","102,5833333","20,71666667"
2024-07-16,3,0,1,"8,5","15,3",106021,37,412,157,18,"43,90559615","17,39545",11,8,72,9,15,26,73,"25,12962963","39,56111111","166,6032051","18,51347032","24,76666667","33,45","117,1833333","11,75"
2024-07-17,4,0,1,"9,8","18,5",106021,37,384,172,32,"3527,919064","27,99605",14,10,87,17,13,27,71,"59,49803922","34,18205128","210,2666667","32,11596244","17,41666667","28,46666667","114,35","27,53333333"
2024-07-18,5,0,1,"10,6",17,106021,37,411,137,21,"63,1197625","15,36625",9,16,53,14,15,23,61,"20,13928571","121,3877778","105,0014493","29,57322404","18,45","44,23333333",102,"19,6"
2024-07-19,6,0,1,"9,3","14,5",106021,37,394,140,24,"137,85475","11,97991667",10,5,17,12,14,22,58,"16,3125","39,28928571","152,5507576","27,7841954","14,4","34,90833333","60,6","19,71666667"
2024-07-20,7,0,0,"8,1","11,5",106021,37,284,115,19,"21,74049479","20,99715833",4,6,8,13,22,8,55,"17,12564103","85,64242424","205,3354167","34,20212121","8,883333333","19,56666667","198,3583333","27,51666667"
2024-07-21,1,0,0,11,"14,9",106021,37,323,110,22,"32,32911","19,32016667",8,13,10,12,19,12,43,"16,68888889","54,30701754","239,2652778","38,01162791","16,50833333","24,95","128,9833333","26,16666667"
2024-07-22,2,0,1,11,14,106021,37,433,184,33,"22,13161667","18,72586667",5,7,71,15,28,23,78,"20,35666667","118,4761905","158,0963768","37,22777778","18,5","27,86666667",108,"31,98333333"
2024-07-23,3,0,1,"10,3","14,1",106021,37,382,151,18,"17,24388824","0,3247833333",13,4,90,6,19,25,72,"17,23055556","37,94385965","213,8393333","35,1162037","16,275",33,"89,13333333","25,75833333"
2024-07-24,4,0,1,"11,1","18,2",106021,37,410,146,41,"120,2322621","20,91661667",20,4,78,12,14,13,62,"77,47916667","34,86547619","117,3961538","41,10483871","17,94166667","23,89166667","86,66666667","31,65"
2024-07-25,5,0,1,"9,5",22,106021,37,349,138,23,"46,60045294","16,56528333",14,5,57,6,14,21,64,"21,08611111","43,9702381","200,7944444","36,92526042","19,85833333","32,975","158,7833333","22,25"
2024-07-26,6,0,1,"10,1","16,7",106021,37,364,159,32,"26,03880076","17,13630833",12,6,37,14,27,11,58,"20,32261905","43,41234568","416,9878788","56,10747126","18,93333333","35,66666667",549,"42,26666667"
2024-07-27,7,0,0,"9,4","20,7",106021,37,276,96,22,"27,51487778","17,92471667",2,4,0,7,16,10,40,"20,71190476","30,609375","170,8183333","30,5125",18,"30,19166667","158,9833333","26,85833333"
2024-07-28,1,0,0,"9,1","14,5",106021,37,288,129,18,"35,85655278","35,755",3,6,58,11,15,13,66,"15,03333333","59,50777778","397,6948718","37,72424242","14,25","37,73333333","523,1333333","28,31666667"
2024-07-29,2,0,1,"6,4","11,2",106021,37,426,193,17,"25,55254","10,09383333",22,15,66,10,20,35,97,"78,65833333","50,86333333","233,5442857","37,11134021","15,725","24,65833333",132,"31,41666667"
2024-07-30,3,0,1,7,"13,2",106021,37,398,172,15,"22,758875","8,100525",11,12,5,12,23,25,78,"18,10833333","32,98405797","235,184","40,95384615","15,875",27,"116,6666667","30,99166667"
2024-07-31,4,0,1,"10,6","16,2",106021,37,397,187,18,"15,22562424","12,10616667",22,14,16,13,21,32,99,"28,78846154","72,21746032","272,4869792","57,76919192","17,96666667","25,9","164,9083333","49,75"
2024-08-01,5,0,1,"14,2","21,3",105565,37,446,146,25,"23,51748981","14,476975",13,9,22,9,21,12,73,"19,38148148","32,88412698","128,3986111","34,86872146",20,32,"152,7333333","27,76666667"
2024-08-02,6,0,1,"17,3","24,4",105565,37,404,168,31,"5375,279828","13,02938333",13,12,24,13,33,22,59,"12,68076923","37,13989899","209,3719697","49,36271186","11,93333333","26,81666667","170,1916667","29,91666667"
2024-08-03,7,0,0,"12,5","23,5",105565,37,333,109,23,"9448,026936","23,442425",8,4,3,2,17,16,51,"15,725","41,87843137","129,371875","34,44575163","15,725",39,"118,3583333","16,61666667"
2024-08-04,1,0,0,"9,6","16,5",105565,37,314,113,17,"24,63632083","10,47075",6,4,0,10,20,15,52,"137,315","94,77666667","249,3977778","35,85","17,975","27,59166667","229,1333333","27,75833333"
2024-08-05,2,0,1,"12,2","15,1",105565,37,494,183,23,"8776,871758","30,5283",11,14,17,8,14,25,97,"29,55833333","31,05238095","145,0626667","46,11237113","20,85833333","25,60833333","128,5666667","42,13333333"
2024-08-06,3,0,1,"14,6",18,105565,37,375,152,18,"31,48943611","23,15186667",21,15,38,9,21,23,68,"24,42407407","42,54603175","237,1289855","45,96642157","12,28333333","23,33333333","174,8833333","37,15"
2024-08-07,4,0,1,"8,9","16,1",105565,37,409,153,15,"5876,709047","27,08916667",16,13,51,13,14,26,78,"13,25384615","32,80595238","103,6698718","71,24871795",14,"27,5","79,18333333","71,375"
2024-08-08,5,0,1,"5,1",11,105565,37,359,158,21,"13,70456471","9,152616667",9,9,11,10,12,29,75,"16,53833333","32,10555556","146,1936782","55,28844444","10,01666667","30,34166667","109,6666667","42,73333333"
2024-08-09,6,0,1,"4,3",12,105565,37,365,159,30,"3868,545865","15,81666667",15,7,15,10,21,16,74,"33,53833333","42,8952381","138,1395833","64,0027027","20,88333333","28,5","131,9083333","41,39166667"
2024-08-10,7,0,0,"4,3","17,1",105565,37,316,99,21,"28,79756944","17,57255",7,8,11,11,12,9,45,"15,50757576","45,29166667","290,3407407","29,11148148","15,15","34,725","160,7166667","24,11666667"
2024-08-11,1,0,0,"9,8",15,105565,37,290,123,14,"27,52863167","23,63764167",3,7,5,12,13,20,61,"140,4986111","50,49615385","118,7316667","31,72377049","19,69166667",32,"93,41666667","17,3"
2024-08-12,2,0,1,"4,8","12,3",105565,37,453,213,31,"21,33016603","12,07016667",11,16,24,10,21,30,100,"22,39166667","37,98888889","160,2283333","38,99333333","16,46666667","26,9","107,5833333","31,71666667"
2024-08-13,3,0,1,"6,5","17,6",105565,37,439,187,18,"71,04885926","16,81526667",15,8,18,4,21,19,110,"12,98333333","28,80079365","88,12631579","33,74893939","12,93333333","28,33333333","81,11666667","22,28333333"
2024-08-14,4,0,1,"8,3","16,5",105565,37,469,171,25,"42,13326167","24,865425",15,4,79,9,21,18,94,"17,82037037","31,53968254","164,2861111","38,4998227","13,53333333","28,38333333","48,54166667","26,41666667"
2024-08-15,5,0,1,"9,5","17,7",105565,37,466,181,16,"64,27859167","19,21269167",9,17,17,7,18,24,100,"15,62380952","39,3037037","140,6840278","37,92133333",10,"31,59166667","114,425","32,325"
2024-08-16,6,0,1,"8,5",14,105565,37,389,162,18,"112,4039333","21,301475",8,5,8,9,22,21,84,"17,85555556","36,96893939","97,46904762","33,07222222","16,86666667","32,41666667","82,41666667","24,45"
2024-08-17,7,1,0,9,15,105565,37,346,124,21,"19,48427727","13,87193333",1,4,0,5,20,14,65,"28,44","38,045","146,85","28,94333333","32,38333333","29,94166667","119,0416667","25,91666667"
2024-08-18,1,0,0,"11,1",16,105565,37,339,142,12,"21,66776481","20,43638333",4,7,3,13,23,22,74,"13,44871795","30,4557971","66,83787879","27,82725225",12,"26,76666667","28,75","20,79166667"
2024-08-19,2,0,1,"10,3","14,5",105565,37,496,281,27,"58,89464","13,756975",28,19,12,12,31,39,163,"25,02361111","39,0483871","184,0683761","65,34621677","16,975","36,76666667","95,25","53,28333333"
2024-08-20,3,0,1,"5,8","11,7",105565,37,500,198,28,"213,4504061","15,87383333",10,8,41,6,15,18,122,"241,2361111","61,96222222","149,4027778","48,19480874","10,63333333",35,"100,6833333","32,81666667"
2024-08-21,4,0,1,"10,4","14,3",105565,37,383,228,26,"86,00933611","20,735275",22,13,75,14,20,44,120,"118,0095238","44,515","208,7151515","58,19125","14,65833333","32,025","98,7","46,91666667"
2024-08-22,5,0,1,"7,8","12,7",105565,37,402,188,17,"27,91002","16,63955",8,11,43,9,14,24,99,"22,5537037","33,87380952","155,4930556","50,27525253",19,"33,425","155,9083333","40,8"
2024-08-23,6,0,1,"5,3","12,8",105565,37,403,189,35,"17,54785","13,3894",15,8,21,14,27,16,98,"22,87142857","42,81419753","185,6635417","44,34489796","14,34166667",32,"137,0333333","33,89166667"
2024-08-24,7,0,0,"6,3",14,105565,37,346,121,12,"30,75527727","17,4335",4,2,8,6,23,14,60,"11,32222222","86,88043478","128,5380952","38,55361111","10,25833333",29,"131,975","22,21666667"
2024-08-25,1,0,0,"6,1","11,8",105565,37,327,154,13,"18,41799375","13,86305833",8,7,4,9,22,21,92,"25,06851852","42,66818182","151,8880952","26,82862319","24,53333333","40,35833333",88,"18,11666667"
2024-08-26,2,0,1,"5,3","12,5",105565,37,541,228,28,"46,45781296","19,0783",8,6,16,11,13,35,125,"16,53939394","25,81923077","152,2438095","50,43013333","13,81666667","21,43333333",118,"39,65"
2024-08-27,3,0,1,"7,5","15,7",105565,37,461,240,28,"68,52199621","16,54191667",22,6,56,9,13,43,123,"15,26666667","23,57051282","196,5693798","45,38197832",15,"17,61666667","156,75","33,73333333"
2024-08-28,4,0,1,"9,8","16,5",105565,37,465,189,9,"17,75621905","17,79826667",9,15,9,9,13,30,112,"21,61296296","51,50769231","168,1572222","39,91741071","18,15","35,66666667","162,8083333","28,51666667"
2024-08-29,5,0,1,"9,9","15,5",105565,37,448,172,21,"-18103,00531","13,75650833",19,15,21,7,16,21,90,"16,45238095","52,37604167","156,9849206","47,12407407","13,01666667","39,85833333","119,2","30,13333333"
2024-08-30,6,0,1,"10,3","13,9",105565,37,344,196,36,"19,94674773","13,31233333",18,8,21,16,18,22,92,"16,34895833","27,74537037","226,6515152","49,52952899","16,99166667","16,25833333","182,375","40,85833333"
2024-08-31,7,0,0,"10,3",12,105565,37,293,158,26,"-15712,89969","14,19205",4,5,0,10,22,23,80,"155,175","28,15151515","164,6623188","34,24729167","15,35","24,725",141,"26,88333333"
2024-09-01,1,0,0,"8,8","15,5",105689,37,374,143,23,"2716,242222","13,09988333",3,2,2,5,20,18,78,"22,97","30,49666667","80,98796296","23,89166667",23,"25,225","41,69166667","16,94166667"
2024-09-02,2,0,1,"9,7","15,8",105689,37,503,204,33,"15,57283421","8,975433333",6,9,4,15,19,30,97,"16,03111111","52,54035088","145,2733333","36,87474227",13,"31,45","127,6583333","34,2"
2024-09-03,3,0,1,13,"20,5",105689,37,456,172,15,"16,84721042","19,408925",14,9,4,7,23,28,89,"16,35","50,55507246","148,5797619","39,14775281","17,9","34,31666667","112,7833333","29,56666667"
2024-09-04,4,0,1,11,"20,4",105689,37,494,185,18,"24,52277","14,28645",19,11,56,10,16,30,105,"23,79","32,76666667","168,0127778","54,74492063","24,50833333","33,65","118,6583333","35,23333333"
2024-09-05,5,0,1,"8,3",17,105689,37,444,173,27,"19,37945","13,89195",16,7,24,8,19,29,89,"16,74791667","31,10350877","196,0816092","48,26479401","17,5","24,86666667",161,"35,15"
2024-09-06,6,0,1,11,"21,3",105689,37,425,174,32,"4009,244712","14,73661667",17,16,8,12,18,22,81,"21,29583333","124,062963","200,8265152","45,63806584","16,28333333","47,31666667","183,45","34,41666667"
2024-09-07,7,0,0,"11,8","20,9",105689,37,363,158,34,"2562,919967","19,18845",11,6,7,15,18,15,73,"16,45333333","28,11759259","179,3511111","33,9716895","14,31666667","24,88333333","155,4","18,96666667"
2024-09-08,1,0,0,"11,3","18,3",105689,37,329,117,16,"3785,623706","18,38530833",7,3,12,9,14,15,64,"24,00185185","29,45595238","96,77","21,65651042","22,95","25,31666667","54,26666667","14,85"
2024-09-09,2,0,1,"13,7",18,105689,37,562,224,37,"1861,803075","32,6605",19,8,123,11,18,33,115,"11,74848485","57,02777778","147,2934343","30,91304348",11,"39,01666667","104,1333333","24,75"
2024-09-10,3,0,1,"14,1","16,7",105689,37,455,186,26,"26,17443083","15,767475",21,11,54,17,12,18,100,"27,56862745","29,12222222","133,2925926","30,60883333",22,"23,15833333","84,675","22,15833333"
2024-09-11,4,0,1,"12,4",17,105689,37,492,193,36,"57,13288939","23,537775",20,8,80,13,16,14,105,"14,22051282","29,85416667","116,9035714","46,15365079","11,26666667","24,26666667","88,44166667","30,8"
2024-09-12,5,0,1,"9,7","16,8",105689,37,436,187,28,"27,12130196","23,4391",13,10,57,16,20,25,83,"19,27708333","36,17416667","184,3066667","31,787751","16,48333333","38,08333333","102,4166667","25,86666667"
2024-09-13,6,0,1,"11,1","17,4",105689,37,432,160,24,"31,07901111","8,524225",9,7,3,13,18,23,70,"15,38461538","33,04814815","135,5644928","31,27238095","13,8","28,5","30,05","17,55833333"
2024-09-14,7,0,0,"10,3","19,5",105689,37,379,139,22,"24,52741923","15,71373333",0,4,6,10,16,12,76,"14,27166667","30,48333333","88,91527778","40,55723684",16,"27,84166667","92,43333333","22,3"
2024-09-15,1,0,0,"10,8","18,3",105689,37,387,136,26,"18,41858958","18,04155833",2,2,9,9,22,11,69,"18,89814815","150,7462121","138,3469697","39,44830918","15,08333333","24,76666667","100,65","29,15"
2024-09-16,2,0,1,"11,3",26,105689,37,510,227,42,"46,30752531","16,71061667",17,24,79,17,16,34,106,"23,37941176","72,72083333","179,0764706","39,93584906","13,31666667","28,20833333","162,8","30,73333333"
2024-09-17,3,0,1,"15,1",21,105689,37,493,183,28,"69,06189167","16,49946667",12,13,49,8,16,25,93,"54,08333333","32,22604167","182,406","19,87043011","21,85833333","25,41666667","88,58333333","15,86666667"
2024-09-18,4,0,1,"15,8","21,3",105689,37,498,165,22,"22,07333438","16,89775",8,11,9,8,18,21,84,"22,16458333","30,46296296","95,26507937","32,01765873","15,4","27,475","104,95","21,775"
2024-09-19,5,0,1,"17,1","23,5",105689,37,433,144,16,"28,19109722","20,13690833",9,7,27,8,6,16,89,"17,60625","29,93611111","209,9260417","41,25805243","16,51666667","29,00833333","89,225","26,2"
2024-09-20,6,0,1,"13,4",24,105689,37,473,133,30,"22,90313246","18,10238333",6,7,50,16,27,16,50,"26,41979167","131,2179012","103,6989583","30,287","17,48333333","26,18333333","100,775","23,74166667"
2024-09-21,7,0,0,15,"22,6",105689,37,330,114,26,"58,47264556","20,21238333",2,9,29,5,25,9,52,"21,85","63,516","123,8185185","36,06282051","24,11666667","35,11666667","91,18333333","21,38333333"
2024-09-22,1,0,0,"15,8","24,2",105689,37,349,136,32,"15,65317647","11,59461667",4,3,4,10,11,15,66,"15,44166667","29,41212121","83,93888889","20,27424242","12,15",32,64,"15,96666667"
2024-09-23,2,0,1,"13,8",19,105689,37,543,214,29,"30,18183182","14,55636667",20,5,33,9,18,34,110,"19,61481481","37,5212963","192,6166667","36,6719697",15,"31,33333333","141,1","27,43333333"
2024-09-24,3,0,1,"14,5","19,6",105689,37,461,182,24,"99,63957024","18,38449167",25,8,7,11,18,25,91,"26,15606061","111,9138889","89,76","36,74798535","19,08333333","37,2","70,66666667","27,56666667"
2024-09-25,4,0,1,"14,3","19,3",105689,37,480,193,11,"25,05008","15,563225",6,19,8,7,18,31,98,"17,19047619","101,7824074","147,8913978","56,48435374",17,"24,99166667","90,96666667","40,11666667"
2024-09-26,5,0,1,"11,5","19,4",105689,37,460,187,29,"51,403486","20,33723333",15,9,70,15,19,25,86,"16,00555556","28,41754386","143,506","42,65988372","12,41666667","24,18333333","140,6166667","27,725"
2024-09-27,6,0,1,"11,8","18,3",105689,37,410,146,24,"22,59674118","19,55816667",16,2,22,8,21,15,69,"12,90416667","27,40952381","157,4211111","54,73864734","13,275","26,58333333","112,3833333","38,16666667"
2024-09-28,7,0,0,"14,3",22,105689,37,318,148,24,"29,52626","24,1409",14,3,3,9,19,19,80,"12,22037037","41,74736842","103,9289474","46,93375","12,66666667",39,"107,95","33,64166667"
2024-09-29,1,0,0,17,"25,6",105689,37,374,128,18,"106,9836545","25,04378333",6,7,2,7,22,14,64,"22,60714286","31,32727273","163,1071429","37,52005208","12,46666667","30,3","121,6666667","32,91666667"
2024-09-30,2,0,1,"18,8","27,6",105689,37,481,204,39,"53,08361379","20,92543333",26,10,62,9,17,16,118,"23,94074074","41,97156863","172,16875","53,56666667","18,46666667",33,"104,0666667","44,875"
2024-10-01,3,0,1,"14,5","22,3",106317,37,455,176,25,"2188,840931","18,85458333",21,9,67,11,13,21,95,"22,04242424","38,95769231","157,2134921","41,31596491","17,76666667","24,63333333","133,95","30,61666667"
2024-10-02,4,0,1,"13,3",20,106317,37,456,181,32,"1925,192021","21,337975",18,4,84,8,17,24,96,"24,04583333","42,08921569","213,3347222","60,89479167","16,2","38,63333333","197,2166667","41,91666667"
2024-10-03,5,0,1,"10,5",18,106317,37,506,163,28,"2779,972255","17,6822",6,9,24,9,17,20,77,"13,67777778","114,8294118","123,9233333","40,65887446","9,416666667","35,23333333","113,6833333","30,86666667"
2024-10-04,6,0,1,"12,9","21,1",106317,37,433,145,28,"5032,126548","15,3086",5,8,26,13,15,18,64,"21,7025641","32,18666667","166,7046296","59,028125",18,"28,73333333","144,025",42
2024-10-05,7,0,0,"14,8","23,3",106317,37,386,85,14,"4359,209228","34,7908",6,1,6,7,20,11,35,"15,3047619","36,835","105,7545455","59,15285714",14,"31,425","105,35","36,63333333"
2024-10-06,1,0,0,"15,8","20,1",106317,37,365,127,17,"18,83505139","13,70653333",13,2,16,11,19,18,60,"15,32121212","27,50701754","146,2018519","19,72861111","10,21666667",27,"56,30833333","13,1"
2024-10-07,2,0,1,"16,7","19,6",106317,37,506,156,24,"2487,606485","32,29939167",13,16,35,9,19,23,66,"20,56481481","43,29473684","160,4695652","29,75429293",24,"27,16666667","97,8","26,26666667"
2024-10-08,3,0,1,"13,8","21,2",106317,37,462,169,27,"38,15718421","17,92266667",12,5,51,11,19,19,94,"17,22727273","40,37368421","87,66315789","37,8248227","17,21666667","39,61666667",52,"26,95833333"
2024-10-09,4,0,1,"13,7","19,3",106317,37,443,153,30,"5554,545722","36,64144167",20,2,47,5,16,21,79,"7,246666667","27,475","113,5873016","43,51561181",9,"29,61666667","96,3","35,38333333"
2024-10-10,5,0,1,"15,2","20,2",106317,37,454,158,29,"22,32841275","13,26783333",10,9,2,13,13,17,71,"11,07179487","45,67948718","96,54607843","40,76549296","8,9","34,26666667",47,"31,06666667"
2024-10-11,6,1,0,"15,9","28,8",106317,37,316,129,28,"14,02539444","10,12333333",5,6,13,10,18,14,58,"150,8183333","24,55648148","136,6011905","20,89310345","13,16666667","23,725","17,725","15,275"
2024-10-12,7,1,0,"12,8","24,8",106317,37,306,102,16,"-6817,623681","15,13925",8,6,4,8,17,6,50,"13,21666667","23,70980392","76,18611111","23,48666667","11,75833333",22,"53,44166667","16,94166667"
2024-10-13,1,0,0,"16,5","19,8",106317,37,313,122,14,"22,38945","14,83888333",3,3,4,6,15,16,67,"11,82777778","128,5711111","80,7125","47,90920398","13,30833333","27,26666667","60,83333333","34,26666667"
2024-10-14,2,0,1,"16,5",20,106317,37,558,188,22,"21,581775","14,28685833",13,18,22,8,16,32,88,"16,47708333","38,42916667","108,9036458","45,28295455","14,975","31,05833333","76,2","29,80833333"
2024-10-15,3,0,1,"16,3","22,9",106317,37,443,154,15,"23,54186515","16,64616667",10,5,14,5,18,28,79,"10,02666667","35,23888889","159,7065476","33,35400844","12,63333333","29,36666667","136,3833333","26,91666667"
2024-10-16,4,0,1,"17,2","21,4",106317,37,459,157,21,"19,72471961","14,3506",10,7,6,10,22,16,75,"14,525","26,46515152","126,1947917","44,59311111","11,225",23,"72,41666667","38,51666667"
2024-10-17,5,0,1,"16,1","24,1",106317,37,455,186,30,"48,02113417","19,762225",14,10,54,10,26,21,82,"156,6983333","29,76987179","157,2825397","50,71565041","11,25833333","25,5","140,0166667","35,55833333"
2024-10-18,6,0,1,17,"22,6",106317,37,407,148,22,"24,60734123","10,52671667",8,6,13,13,20,15,70,"22,67692308","25,57916667","172,7733333","51,36785714","16,71666667","19,41666667","121,95","37,45833333"
2024-10-19,7,0,0,"17,1",26,106317,37,324,92,13,"270,1633542","27,42675",4,4,2,3,13,9,46,"15,26111111","27,10128205","104,3796296","36,61231884","13,78333333","24,76666667","91,96666667","27,375"
2024-10-20,1,0,0,"18,2","27,8",106317,37,300,98,12,"72,15621458","8,992575",2,4,3,4,15,8,52,"17,01666667","99,46555556","107,775","21,65064103","18,49166667","25,25","67,1","7,483333333"
2024-10-21,2,0,1,"21,1",29,106317,37,517,198,26,"19,95419653","10,48463333",18,16,32,16,22,21,96,"24,91458333","32,31212121","132,0857143","32,54131944","18,5","23,70833333","95,46666667","31,2"
2024-10-22,3,0,1,20,"27,2",106317,37,439,139,22,"55,1819875","19,46114167",7,5,36,10,11,16,59,"14,10333333","24,71212121","179,9447917","56,35","13,075","19,4","187,275","43,05"
2024-10-23,4,0,1,"18,8","22,5",106317,37,388,166,18,"35,66710641","15,59588333",15,3,9,6,23,13,89,"33,86666667","25,79565217","181,4923077","44,54662921","29,18333333","22,53333333","106,05","34,41666667"
2024-10-24,5,0,1,"16,3","22,5",106317,37,397,165,32,"42,46070682","8,533641667",12,3,38,15,19,11,68,"106,4544444","98,56052632","140,7818182","32,91421569","9,866666667","30,18333333","137,0333333","26,81666667"
2024-10-25,6,0,1,"12,8","20,5",106317,37,386,132,30,"15,90808333","14,39405",8,8,17,10,22,13,45,"19,10333333","40,76287879","165,6205128","86,57222222","12,41666667","36,85","81,73333333","32,13333333"
2024-10-26,7,0,0,"8,7","25,1",106317,37,316,105,17,"24,74414394","14,54633333",4,6,0,6,17,10,55,"16,48055556","39,56372549","81,30833333","39,46787879",16,"39,71666667","96,625","35,46666667"
2024-10-27,1,0,0,"16,2","25,3",106317,37,334,90,27,"27,41781458","15,01264167",8,4,1,9,13,7,38,"156,9833333","45,55769231","205,4642857","37,19342105","18,18333333","52,1","185,6","29,63333333"
2024-10-28,2,0,1,"17,3","26,7",106317,37,495,187,37,"30,71942333","23,25544167",9,10,97,11,17,21,77,"14,97272727","34,62156863","190,9460317","46,43787879","14,85","32,61666667","155,9666667","34,5"
2024-10-29,3,0,1,"18,8",28,106317,37,439,161,30,"23,33280079","18,1355",10,10,21,11,20,17,73,"21,87121212","43,145","135,8794118","62,88630137","19,71666667","34,94166667","102,8666667","57,63333333"
2024-10-30,4,0,1,"21,2","26,4",106317,37,425,129,25,"66,6428614","18,03255",17,5,50,8,7,14,49,"13,70208333","49,63571429","166,9345238","48,72517007","14,775","22,98333333","120,7333333","40,23333333"
2024-10-31,5,0,1,20,"25,3",106317,37,416,123,13,"14,29683667","8,80925",9,9,7,8,13,13,61,"19,46458333","29,81794872","117,6833333","46,85327869","17,51666667","25,38333333","69,31666667","40,28333333"
2024-11-01,6,0,1,"21,8","28,9",106661,37,342,133,31,"2006,066347","11,95685833",12,4,9,13,13,12,47,"26,51153846","32,17435897","95,45833333","48,50886525","20,46666667","29,2","111,9416667","29,46666667"
2024-11-02,7,0,0,"20,4","25,7",106661,37,318,113,23,"20,7435641","17,32623333",8,1,6,15,23,6,41,"15,61555556","29,10217391","102,2694444","43,39471545",16,24,"91,125","32,33333333"
2024-11-03,1,0,0,"14,3","22,6",106661,37,300,105,18,"6195,924286","24,23330833",4,9,9,9,13,8,52,"27,00925926","40,59615385","108,1833333","45,99391026",23,"20,85","101,7666667","25,975"
2024-11-04,2,0,1,"17,6","23,2",106661,37,426,151,14,"32,53152667","22,16414167",6,10,9,7,16,11,83,"25,91904762","23,29375","79,48787879","30,77389558","24,8","18,66666667",58,"23,08333333"
2024-11-05,3,0,1,16,23,106661,37,426,121,21,"18,68027222","15,05580833",6,14,18,8,19,8,52,"30,37083333","39,56578947","92,7875","31,34166667","21,49166667",35,"85,39166667","21,45"
2024-11-06,4,0,1,"16,5","24,6",106661,37,462,152,27,"2476,818246","18,14693333",8,10,7,11,14,18,76,"13,34393939","44,01428571","76,86944444","45,69429825","13,93333333","34,29166667","44,41666667","25,79166667"
2024-11-07,5,0,1,"17,1","23,4",106661,37,423,143,21,"24,88838929","8,510925",8,4,31,10,16,20,66,"20,85","48,11666667","75,2875","28,63409091","17,15","43,96666667","67,45","22,73333333"
2024-11-08,6,0,1,"14,8",22,106661,37,395,131,20,"10,37373125","3,65885",3,4,4,3,19,10,56,"27,28333333","104,6491228","54,44333333","46,70744048",27,"30,8","33,05","28,84166667"
2024-11-09,7,0,0,"18,2","25,9",106661,37,334,112,30,"2413,107118","18,01758333",4,7,11,8,19,6,46,"19,31875","31,98684211","88,99722222","25,38768116","18,96666667","33,56666667","78,075","13,34166667"
2024-11-10,1,0,0,"20,1",28,106661,37,316,110,18,"25,09602381","23,90699167",6,1,2,9,14,10,53,"13,64814815","24,46785714","170,82","35,83584906","13,2",19,"135,375","26,36666667"
2024-11-11,2,0,1,"14,5","23,9",106661,37,491,154,20,"15,76949487","9,93595",8,4,2,17,20,10,67,"16,14215686","26,38833333","157,805","32,59228856",14,"26,30833333","141,4916667","29,7"
2024-11-12,3,0,1,"11,2","24,8",106661,37,448,129,19,"32,70793333","15,79538333",9,7,17,7,11,15,66,"18,41428571","121,3575758","129,0322222","46,22828283","14,06666667","23,76666667","80,01666667","37,575"
2024-11-13,4,0,1,"16,3",24,106661,37,400,148,21,"37,49236563","10,37180833",8,10,11,7,20,13,72,"36,7452381","107,5816667","122,7333333","39,74027778","22,33333333","35,86666667","115,0166667","23,84166667"
2024-11-14,5,0,1,"18,5","27,6",106661,37,414,106,23,"15,744025","11,39180833",5,2,7,9,11,9,50,"21,29444444","40,63181818","77,45","35,12733333",17,"25,33333333","72,96666667","27,6"
2024-11-15,6,0,1,"20,8","29,3",106661,37,393,126,22,"21,85679896","10,91246667",7,11,11,9,16,12,52,"16,89259259","44,90520833","121,9347222","57,10032051","11,73333333","46,4","89,96666667","43,625"
2024-11-16,7,0,0,"22,6","29,5",106661,37,337,103,32,"16,13509603","10,68128333",8,2,0,11,16,7,34,"18,8469697","33,890625","181,547619","37,35735294","16,7","31,15","121,8333333","31,34166667"
2024-11-17,1,0,0,"15,2","26,5",106661,37,293,76,19,"145,5577083","21,08564167",15,2,8,6,11,5,32,"12,76111111","24,84393939","58,38666667","44,64427083","13,3",26,"56,9","35,68333333"
2024-11-18,2,1,0,"13,1","22,5",106661,37,378,81,19,"10,21212778","7,108833333",3,4,4,6,7,7,40,"32,52222222","29,08809524","72,83095238","22,02166667","17,14166667","25,46666667","43,63333333","17,25833333"
2024-11-19,3,0,1,"16,2","21,5",106661,37,479,167,33,"24,7684913","17,8281",7,9,39,13,28,17,66,"19,22051282","85,48690476","173,4598039","36,63914141","11,58333333","24,98333333","122,3833333","24,975"
2024-11-20,4,0,1,"18,3","23,9",106661,37,436,139,20,"70,66816778","17,47655",11,9,49,12,15,18,61,"19,50277778","39,69777778","121,3805556","33,76639344","15,81666667",35,"84,275","23,08333333"
2024-11-21,5,0,1,"19,3","24,3",106661,37,407,140,26,"35,75180833","28,34644167",2,13,34,15,16,14,58,"19,12666667","42,99479167","92,91428571","22,94913793",15,"27,21666667","96,76666667","17,66666667"
2024-11-22,6,0,1,"18,7",25,106661,37,384,132,20,"11,16333431","9,471166667",5,6,18,8,19,13,59,"18,56041667","107,222807","85,97051282","34,75282486","18,3","43,88333333","52,78333333","24,75"
2024-11-23,7,0,0,"18,8",26,106661,37,293,114,22,"13,25525833","14,93294167",2,2,7,11,16,11,58,"19,38939394","34,71770833","134,0393939","32,81206897",17,"26,43333333","128,55","28,86666667"
2024-11-24,1,0,0,"20,5","29,8",106661,37,317,81,18,"12,69621515","12,0664",2,3,2,7,7,11,39,"25,3047619","29,68333333","103,4484848","52,95811966",22,"35,26666667",80,"34,73333333"
2024-11-25,2,0,1,22,"27,5",106661,37,483,145,33,"14,59365833","12,43386667",8,8,21,9,20,10,52,"14,35185185","26,02333333","118,7983333","44,20160256","16,51666667",24,"103,9416667","36,81666667"
2024-11-26,3,0,1,"18,5","25,9",106661,37,401,143,30,"16,59745439","10,23155",10,7,10,7,24,11,51,"21,86904762","43,31944444","194,0045455","36,45326797","14,1","35,74166667","164,15","29,91666667"
2024-11-27,4,0,1,"18,3","25,2",106661,37,425,121,12,"16,18027708","12,35916667",16,12,10,9,19,16,50,"33,92037037","35,39736842","130,8666667","40,37166667","25,16666667","31,5","122,0166667","32,98333333"
2024-11-28,5,0,1,"19,5","25,5",106661,37,344,133,38,"24,27787431","16,52658333",16,11,30,8,11,11,53,"17,75833333","29,90454545","141,6363636","32,76572327","15,83333333","27,01666667","104,3","27,41666667"
2024-11-29,6,0,1,"16,9","27,5",106661,37,367,106,23,"16,10299259","16,81961667",7,2,1,7,15,7,43,"13,55952381","38,35333333","305,9880952","51,98953488","14,2","33,73333333","156,2","43,46666667"
2024-11-30,7,0,0,"19,3","24,5",106661,37,283,114,25,"10,78408137","9,238616667",2,5,0,10,14,9,50,"12,96333333","33,09761905","133,8444444","45,941",11,"28,7","112,4833333","24,15833333"
2024-12-01,1,0,0,"18,6","22,6",106720,37,288,87,17,"15,14921667","17,03833333",5,4,0,7,15,7,41,"14,98809524","33,53888889","149,2785714","27,95894309","12,78333333","33,78333333","97,11666667","24,03333333"
2024-12-02,2,0,1,"13,8",23,106720,37,457,134,19,"3199,434905","18,33338333",2,9,1,11,14,13,54,"17,46515152","34,22619048","62,81025641","30,62376543",19,"29,5","62,83333333","25,16666667"
2024-12-03,3,0,1,"11,1","21,9",106720,37,409,126,21,"2896,989189","11,90945",15,7,7,8,13,16,53,"318,3895833","35,01794872","88,62291667","24,77264151",19,"34,01666667","47,05","23,93333333"
2024-12-04,4,0,1,"15,8","26,1",106720,37,358,119,17,"8,008687879","3,639283333",5,6,4,5,14,15,49,"23,34333333","30,74404762","70,50555556","33,91734694","21,86666667","27,23333333",29,"22,4"
2024-12-05,5,0,1,"17,4","30,1",106720,37,404,127,30,"8,817833333","4,609883333",10,7,8,10,16,6,57,"22,96833333","33,05416667","41,025","36,36461988","19,73333333","27,63333333","36,73333333","23,26666667"
2024-12-06,6,0,1,"16,6",28,106720,37,371,112,20,"12,02196154","12,15255",10,1,12,8,11,13,48,"21,15416667","56,62727273","131,4410256","44,79756944","18,975",32,"62,38333333","26,525"
2024-12-07,7,0,0,"12,6",24,106720,37,274,114,36,"6625,82784","18,43619167",6,4,9,17,18,8,42,"17,05392157","23,51018519","123,49375","25,87261905","12,8","21,93333333","128,5833333","20,55833333"
2024-12-08,1,1,0,"13,6",20,106720,37,315,89,15,"15,36408542","17,012475",2,0,5,8,14,7,39,"20,28958333","26,75","114,1785714",42,"19,15","24,86666667","59,15","24,11666667"
2024-12-09,2,0,1,"14,6","23,5",106720,37,466,148,27,"14,28750686","9,09345",5,10,17,11,17,15,67,"14,60454545","36,7754902","117,8277778","41,52960199","13,91666667","24,5","122,0833333","32,53333333"
2024-12-10,3,0,1,"18,6","26,5",106720,37,423,176,29,"20,55452803","19,16694167",23,16,57,12,18,23,79,"21,51944444","58,3787037","161,123913","38,46729958","16,64166667","33,38333333","116,7166667","32,71666667"
2024-12-11,4,0,1,"20,6","27,5",106720,37,390,104,11,"10646,13217","10,85305",8,3,11,3,14,10,47,"19,18888889","42,32261905","138,8683333","47,7","14,56666667","37,83333333","110,8083333","37,13333333"
2024-12-12,5,0,1,"20,8",30,106720,37,330,136,27,"14,24530926","11,99525",16,6,33,9,20,12,60,"13,07222222","33,15583333","187,8597222","48,25111111","14,23333333","25,18333333","127,2833333","31,575"
2024-12-13,6,0,1,"21,7",27,106720,37,345,112,23,"14,75045667","9,6965",4,9,5,11,12,9,50,"17,99242424","36,78194444","87,2962963","39,038",19,"36,69166667","86,63333333","29,16666667"
2024-12-14,7,0,0,"18,3",29,106720,37,337,107,25,"30,26535729","25,85280833",7,6,7,7,14,14,47,"16,4952381","30,55119048","101,9607143","57,86666667","15,95","23,05","95,94166667","35,85"
2024-12-15,1,0,0,"16,9",28,106720,37,298,95,21,"15,78183462","8,468783333",2,2,0,8,14,6,44,"12,04583333","26,88333333","113,1833333","40,09659091","11,725","19,99166667","104,4666667","23,98333333"
2024-12-16,2,0,1,"15,5","24,7",106720,37,466,143,22,"75,94081786","9,748691667",7,6,22,5,16,15,63,"12,85333333","31,18333333","97,24111111","34,70291005","10,26666667","31,26666667","48,2","23,31666667"
2024-12-17,3,0,1,"19,1","25,7",106720,37,393,102,10,"37,21637","22,440775",4,4,22,7,13,11,45,"12,51904762","30,4025641","91,90757576","29,93703704","11,11666667","24,18333333","53,56666667","22,65"
2024-12-18,4,0,1,"19,8","27,3",106720,37,354,135,23,"22,84159167","8,686716667",9,4,14,4,13,9,59,"33,08333333","43,99615385","163,2648148","48,73559322","36,28333333","36,26666667","108,1166667","31,18333333"
2024-12-19,5,0,1,"18,4",26,106720,37,363,129,32,"12,13314912","9,386716667",4,12,27,12,14,10,49,"31,04583333","32,03214286","126,8033333","43,75680272","18,91666667","21,35833333","121,5166667","27,3"
2024-12-20,6,0,1,"20,9","30,6",106720,37,332,108,21,"13,37294167","8,41695",5,9,10,12,18,10,47,"16,95416667","29,36203704","92,66666667","31,73510638","14,16666667","24,8","42,15","8,433333333"
2024-12-21,7,0,0,"15,8","26,5",106720,37,309,74,19,"41,68159896","21,45169167",8,4,5,9,17,4,25,"26,22037037","41,7627451","217,0041667","18,828","30,75","32,08333333","185,3416667","10,85"
2024-12-22,1,0,0,"15,8","25,7",106720,37,305,114,35,"53,59731522","12,31288333",4,5,6,11,15,8,48,"13,35909091","68,66","115,9208333","51,92916667","13,5","31,55","104,4166667","32,75833333"
2024-12-23,2,0,1,"18,6","28,9",106720,37,380,117,18,"34,38666154","12,119",12,7,5,7,15,12,49,"21,83809524","51,84666667","105,3930556","21,27619048",18,"33,06666667","57,19166667","8,2"
2024-12-24,3,0,1,"17,2","27,4",106720,37,216,66,8,"10,11590714","5,338116667",8,1,6,5,20,2,26,"13,56333333","41,39","8,758333333","20,30320513","12,95","29,5","8,758333333","12,80833333"
2024-12-25,4,1,0,"14,8","22,2",106720,37,208,75,22,"10,14561515","6,409266667",7,3,7,4,19,6,28,"26,0875","26,97105263","89,20277778","12,14702381","15,125","26,51666667","63,68333333","9,258333333"
2024-12-26,5,0,1,"14,1",24,106720,37,486,110,20,"11,63262879","12,19583333",3,2,2,7,9,6,54,"14,31666667","33,21111111","79,16944444","30,75432099","16,86666667","26,4","29,51666667","13,81666667"
2024-12-27,6,0,1,"16,8",25,106720,37,415,124,20,"19,68757727","16,83071667",16,4,13,3,20,12,57,"39,95555556","35,35166667","116,4875","63,87076023",15,"29,98333333","87,225","48,03333333"
2024-12-28,7,0,0,"17,4",24,106720,37,338,118,17,"21,08835303","15,71561667",6,5,4,9,19,10,52,"23,72037037","26,11666667","87,07","40,84775641","20,26666667","23,55","78,21666667","35,5"
2024-12-29,1,0,0,"18,3","25,5",106720,37,302,88,11,"70,22261458","6,670383333",3,3,0,2,16,10,46,"8,683333333","25,01145833","97,26666667","27,23405797","8,683333333","23,94166667","58,15","12,84166667"
2024-12-30,2,0,1,"19,5","27,5",106720,37,415,111,27,"34,49556833","5,6932",11,5,10,6,12,10,49,"24,64722222","38,56805556","99,84166667","43,83707483","25,41666667","23,76666667","91,575","31,08333333"
2024-12-31,3,0,1,"20,8","28,5",106720,37,188,51,15,"12,35973333","9,279833333",3,1,1,9,3,3,19,"22,45555556","38,56111111","29,93333333","35,11929825","18,98333333","40,68333333","32,8","30,05"
2025-01-01,4,1,0,"22,8","29,1",106587,37,173,53,12,"21,20306042","9,507",0,6,1,4,9,3,20,"11,6125","27,4","104,7722222","45,26416667","11,29166667","23,76666667","140,9833333","38,65"
2025-01-02,5,0,1,"20,0","31,5",106587,37,420,130,20,"11,28618021","7,133691667",1,4,5,10,14,11,45,"13,56666667","29,07142857","142,9515152","31,3562963","12,39166667","25,35","91,81666667","20,08333333"
2025-01-03,6,0,1,"17,2","28,1",106587,37,405,120,30,"12047,69351","11,17844167",8,4,14,11,17,7,36,"12,19242424","23,34607843","198,6","56,56018519","12,71666667","20,25",214,"49,4"
2025-01-04,7,0,0,"16,3","28,1",106587,37,319,96,21,"16,05099861","11,79433333",4,3,5,10,18,8,34,"15,32666667","34,32222222","97,75625","47,1127451","16,36666667","29,44166667","89,41666667","40,925"
2025-01-05,1,0,0,"17,8","24,0",106587,37,283,90,17,"19,09127576","14,10233333",5,2,2,6,18,9,39,"15,86944444","102,6287037","166,7537037","44,62948718","16,93333333","24,13333333","81,8","39,3"
2025-01-06,2,0,1,"18,7","26,0",106587,37,418,109,18,"13528,19667","11,94416667",6,5,22,8,10,11,44,"16,9875","32,48666667","149,4878788","40,2405303","14,45","24,35833333","118,1","24,5"
2025-01-07,3,0,1,"19,6","26,7",106587,37,378,96,16,"3097,421669","8,441075",4,5,9,7,17,8,41,"15,6952381","108,2215686","191,41875","23,67642276","12,9","26,96666667","137,4","17,88333333"
2025-01-08,4,0,1,"20,8","27,0",106587,37,370,104,23,"19,59487593","17,92591667",8,6,5,10,14,10,31,"21,89333333","34,93095238","94,97","36,42580645","19,74166667","22,84166667","65,35833333","26,08333333"
2025-01-09,5,0,1,"20,8","28,7",106587,37,356,108,23,"5034,005552","17,28666667",11,7,8,6,13,14,43,"22,84444444","34,71282051","100,0404762","41,45387597","16,7","26,68333333",67,"30,88333333"
2025-01-10,6,0,1,"20,8","29,5",106587,37,352,111,20,"10,51210128","7,33005",8,8,9,12,19,7,40,"16,59305556","19,48070175","168,047619","52,1475","16,15833333","17,8","157,6333333","39,04166667"
2025-01-11,7,0,0,"21,3","28,2",106587,37,286,54,7,"14,51875","10,05735833",1,5,0,2,11,7,27,"13,7","33,23030303","87,58571429","45,25555556","13,7","30,1","61,73333333","37,51666667"
2025-01-12,1,0,0,"21,1","27,4",106587,37,278,63,12,"18,59896667","18,04255",3,2,3,3,16,6,28,"16,95","31,56666667","132,9666667","26,55357143","20,36666667","27,56666667","132,525","20,78333333"
2025-01-13,2,0,1,"22,3","28,2",106587,37,428,98,15,"20,02845185","14,63728333",8,5,2,5,12,9,44,"16,02666667","23,74722222","157,9907407","27,48977273","16,05","23,59166667","160,6","19,83333333"
2025-01-14,3,0,1,"21,7","30,0",106587,37,373,96,9,"7,1685","3,600716667",5,4,3,7,13,11,46,"17,02380952","20,7525641","81,48636364","23,9134058","18,01666667","23,56666667","68,68333333","18,625"
2025-01-15,4,0,1,"21,3","31,0",106587,37,356,103,18,"28,18872727","7,563216667",3,8,4,6,17,15,43,"22,29166667","23,19607843","79,77444444","29,13023256","21,43333333","21,85","79,31666667","26,01666667"
2025-01-16,5,0,1,"24,3","34,0",106587,37,306,103,32,"70,27733704","4,933058333",7,6,5,10,13,7,33,"16,115","29,60769231","121,7452381","41,31515152","17,11666667",27,"81,68333333","31,58333333"
2025-01-17,6,0,1,"22,8","33,4",106587,37,331,121,30,"19,3657075","9,901441667",8,7,14,7,19,6,48,"14,66904762","28,81140351","122,2055556","63,11388889",12,26,"114,575","47,675"
2025-01-18,7,0,0,"22,0","30,1",106587,37,309,86,24,"24,1965119","17,63089167",7,3,1,10,14,8,33,"38,015","122,2357143","142,6354167","45,14191919","24,7","25,40833333","149,3833333","28,4"
2025-01-19,1,0,0,"21,0","28,3",106587,37,251,76,23,"53,71865769","16,76643333",2,0,6,8,10,5,33,"14,80416667","30,61333333","118,3766667","36,84090909","16,55","33,675","53,83333333","27,96666667"
2025-01-20,2,0,1,"18,3","26,5",106587,37,425,87,8,"26,32450833","20,422475",3,2,21,5,14,5,41,"20,02333333","25,75952381","77,25","48,78089431","14,6","24,05833333","84,35","39,88333333"
2025-01-21,3,0,1,"19,8","27,5",106587,37,392,120,29,"8,201118627","7,475066667",10,12,7,8,20,16,40,"16,2","28,19333333","156,7645833","42,03833333","12,975","25,925","134,1583333","44,23333333"
2025-01-22,4,0,1,"21,9","32,0",106587,37,349,134,43,"13,73200256","9,756133333",8,9,11,8,22,13,40,"31,34166667","32,63484848","136,1025641","40,77291667","17,84166667","27,89166667",125,"33,23333333"
2025-01-23,5,0,1,"24,3","32,2",106587,37,327,108,28,"27,54743333","10,77456667",10,3,0,7,8,9,43,"12,0047619","207,575","126,7","59,21782946","12,93333333","33,525","105,3","49,61666667"
2025-01-24,6,0,1,"22,6","31,2",106587,37,319,101,17,"50,67493205","10,13183333",7,5,4,6,8,8,49,"13,95833333","26,375","145,8854167","55,16632653",10,"24,64166667","145,2333333","43,08333333"
2025-01-25,7,0,0,"22,3","31,0",106587,37,255,83,18,"33,40598833","28,60040833",4,1,4,4,11,5,39,"22,41666667","20,55909091","99,27","39,98205128","18,3","20,98333333","94,18333333","29,96666667"
2025-01-26,1,0,0,"21,7","30,0",106587,37,277,75,12,"11,274","10,38071667",2,4,9,4,11,9,38,"12,9","22,73787879","78,7462963","36,33201754","13,86666667","22,13333333","55,18333333","23,4"
2025-01-27,2,0,1,"21,0","30,3",106587,37,436,124,24,"25,37864286","12,36138333",9,6,6,7,17,6,47,"18,06428571","34,36666667","84,28888889","21,98262411","13,98333333","26,83333333","87,08333333","16,66666667"
2025-01-28,3,0,1,"20,3","27,5",106587,37,397,102,17,"14,7679197","4,8305",9,4,0,7,15,4,49,"15,32619048","23,23666667","37,77083333","28,23197279","15,46666667",23,"35,16666667","14,08333333"
2025-01-29,4,0,1,"21,3","29,0",106587,37,369,108,18,"46,04742692","18,23805",6,6,12,5,13,13,46,"42,84666667","36,20897436","117,8923077","43,19275362","19,4",30,"112,1166667","37,49166667"
2025-01-30,5,0,1,"22,8","28,0",106587,37,356,110,21,"12,62388333","5,580191667",10,3,1,7,16,11,37,"22,80238095","24,628125","83,63181818","24,02927928","18,03333333","19,64166667","63,61666667","9,966666667"
2025-01-31,6,0,1,"21,6","27,5",106587,37,347,112,30,"22,48655877","12,24411667",11,4,10,12,18,9,38,"16,25833333","106,5388889","94,22037037","32,14122807","11,125","26,46666667","34,78333333","22,20833333"
2025-02-01,7,0,0,"21,3","30,2",106599,38,290,83,22,"3694,005094","11,44855",3,1,1,10,11,7,32,"14,45166667","26,88030303","145,4833333","38,11979167","11,775",27,"92,96666667","28,83333333"
2025-02-02,1,0,0,"23,3","33,0",106599,38,250,90,17,"19,96641167","14,18905833",11,5,0,2,17,7,46,"20,56666667","36,77941176","174,4071429","30,1615942","20,56666667","18,76666667","119,0833333","28,11666667"
2025-02-03,2,0,1,"24,8","34,0",106599,38,360,109,23,"21,70019881","16,20553333",6,7,10,12,11,15,40,"27,53055556","29,19242424","64,85222222","20,2675","22,44166667",25,"31,21666667","15,81666667"
2025-02-04,3,0,1,"25,0","34,3",106599,38,385,110,31,"15,51230635","12,62738333",13,6,2,5,15,7,40,"17,52333333","33,22","116,5785714","28,68958333",10,"21,31666667",125,"11,13333333"
2025-02-05,4,0,1,"22,0","30,9",106599,38,323,81,15,"11,34545926","8,84845",6,2,12,6,13,7,30,"26,00277778","38,29871795","87,90714286","48,63555556","28,54166667","34,31666667","76,95","28,2"
2025-02-06,5,0,1,"18,7","27,0",106599,38,354,88,17,"10,16642833","7,487133333",5,5,0,5,8,10,40,"27,56666667","41,57708333","98,02666667","28,74208333","22,4","36,81666667","96,98333333","21,79166667"
2025-02-07,6,0,1,"21,8","29,0",106599,38,319,112,30,"14,83385526","7,967066667",10,4,9,12,20,8,41,"14,51388889","33,09833333","29,18333333","39,11707317",15,"31,66666667","30,16666667","27,65"
2025-02-08,7,0,0,"23,5","30,0",106599,38,328,106,25,"25,96559167","19,851275",11,2,3,7,21,5,43,"22,47142857","42,2968254","54,6","35,7255814","17,53333333",28,56,"31,73333333"
2025-02-09,1,0,0,"18,1","30,1",106599,38,279,111,21,"5080,486434","10,65166667",7,6,1,7,23,8,53,"15,52857143","32,13405797","34,18125","65,38333333","15,23333333","30,91666667","36,39166667","31,21666667"
2025-02-10,2,0,1,"20,5","36,2",106599,38,405,131,27,"39,53938438","7,369591667",15,6,12,7,20,13,48,"17,67142857","24,19166667","81,64358974","26,51354167","16,58333333","21,98333333","73,08333333","22,66666667"
2025-02-11,3,0,1,"15,2","36,3",106599,38,361,115,31,"16,2944725","11,73580833",11,4,9,12,20,7,39,"23,58888889","27,88083333","157,1404762","28,63632479","19,56666667","23,13333333","172,2","25,73333333"
2025-02-12,4,0,1,"19,4","25,0",106599,38,363,115,19,"21,45182738","14,30444167",3,7,14,5,17,13,44,"14,24","25,45098039","96,39487179","49,64242424","10,33333333","21,11666667","72,8","42,76666667"
2025-02-13,5,0,1,"20,4","28,0",106599,38,393,93,25,"35,86356204","9,675025",11,4,2,9,12,10,30,"32,40555556","37,89861111","168,9183333","26,16388889","18,91666667","35,60833333","132,1333333","20,6"
2025-02-14,6,0,1,"21,0","28,0",106599,38,314,115,35,"11,66813913","10,831",13,2,16,13,18,5,46,"18,14230769","32,71666667","126,13","39,12753623","15,26666667","25,61666667","103,5","26,025"
2025-02-15,7,0,0,"20,3","27,3",106599,38,310,81,24,"48,38055625","20,20203333",7,3,6,8,16,7,30,"16,73125","36,50416667","148,4452381","38,21111111","18,675","28,68333333",111,"25,65833333"
2025-02-16,1,0,0,"21,0","28,0",106599,38,282,66,15,"15,70910833","14,026225",1,1,4,7,13,7,24,"11,6452381","41,72179487","75,08571429","19,77569444","11,93333333",34,"68,16666667","13,38333333"
2025-02-17,2,0,1,"21,8","28,6",106599,38,423,139,29,"146,3697167","7,009441667",10,7,12,11,15,11,62,"31,72878788","124,6022222","126,6590909","27,26290323",23,29,120,"24,425"
2025-02-18,3,0,1,"13,0","28,5",106599,38,378,118,22,"31,12193929","14,11325",19,7,4,5,21,13,48,"19,27","49,57936508","257,1384615","36,94826389","13,65","38,11666667","236,7","22,74166667"
2025-02-19,4,0,1,"16,0","26,1",106599,38,383,101,18,"41,03802738","14,05245",4,9,6,4,12,12,41,"7,075","31,46527778","98,93055556","36,23536585","6,033333333","33,34166667","104,8666667","32,53333333"
2025-02-20,5,0,1,"20,6","29,5",106599,38,341,95,22,"14,39436548","14,957025",8,5,3,10,11,9,39,"15,97666667","34,95757576","114,5981481","46,88888889","14,15","28,08333333","88,65","20,53333333"
2025-02-21,6,0,1,"24,5","31,2",106599,38,327,101,22,"8,072361905","8,077",12,2,8,8,13,6,40,"18,31458333","40,45769231","192,4583333","49,95916667","20,03333333",27,"136,7166667","41,175"
2025-02-22,7,0,0,"23,0","32,0",106599,38,309,82,19,"30,78171795","32,2989",9,4,2,7,17,5,33,"11,66428571","31,55588235","225,17","37,01515152","11,16666667",28,"251,85","21,86666667"
2025-02-23,1,0,0,"23,2","30,0",106599,38,289,64,12,"21,14757857","17,6779",6,0,0,3,12,8,25,"18,42222222","22,00277778","28,60208333","57,16733333","18,46666667","19,84166667","27,93333333","26,11666667"
2025-02-24,2,0,1,"22,0","30,1",106599,38,383,117,14,"16,47852143","9,086",5,3,11,9,15,11,46,"13,14259259","36,95555556","109,6181818","19,62355072","12,18333333",30,"45,25","16,175"
2025-02-25,3,0,1,"21,3","27,2",106599,38,393,128,25,"102,4002103","11,3075",14,6,0,8,20,15,41,"17,25416667","37,62666667","123,0222222","29,00325203","12,04166667","29,31666667","116,45","17,48333333"
2025-02-26,4,0,1,"22,0","27,6",106599,38,397,122,36,"13,03790942","9,594833333",15,7,19,13,16,11,43,"21,93974359","28,434375","76,22272727","40,44457364","11,76666667","20,76666667","42,96666667","31,61666667"
2025-02-27,5,0,1,"21,3","27,2",106599,38,387,106,17,"10,07704394","9,767266667",10,4,14,8,18,7,48,"17,94166667","35,57685185","25,06666667","40,09444444","16,98333333","39,525",5,"24,90833333"
2025-02-28,6,0,1,"21,9","28,0",106599,38,329,120,27,"1389,644084","11,38055833",10,6,14,13,17,11,40,"26,86153846","39,09019608","96,03181818","42,96916667","23,3","31,71666667","59,26666667","35,975"
2025-03-01,7,0,0,"21,5","27,4",107041,38,345,83,25,"2762,841829","11,29716667",4,4,7,7,17,2,34,"27,05238095","37,90980392","275,225","55,90098039","13,53333333","24,95","275,225","38,50833333"
2025-03-02,1,0,0,"21,0","28,0",107041,38,288,90,30,"4479,103529","16,779",7,4,3,9,18,5,34,"20,89444444","23,98703704","117,6266667","30,95882353",23,"20,29166667","109,15","25,875"
2025-03-03,2,1,0,"19,3","25,3",107041,38,282,109,30,"15,522745","10,94589167",0,7,3,16,19,14,29,"16,34166667","31,4254386","147,3714286","28,7408046",10,"28,25",116,"17,98333333"
2025-03-04,3,1,0,"21,1","27,2",107041,38,366,110,22,"2696,206981","14,96444167",10,10,8,7,25,11,41,"13,76428571","38,922","78,78030303","30,64878049","14,95","28,3",61,"25,26666667"
2025-03-05,4,0,1,"23,6","32,0",107041,38,371,113,17,"23,22278194","17,93313333",9,2,8,5,13,13,54,"19,93666667","44,56538462","173,2551282","40,97253086","14,96666667","21,13333333","140,2","35,49166667"
2025-03-06,5,0,1,"25,0","35,0",107041,38,387,162,35,"1798,85496","18,69958333",14,7,30,9,34,13,62,"12,5462963","45,4377451","270,4282051","55,9561828","12,26666667","32,25","246,6666667","26,65833333"
2025-03-07,6,0,1,"27,0","35,7",107041,38,347,130,28,"2292,763736","12,70361667",14,10,22,9,20,11,49,"16,12407407","49,12833333","207,0924242","48,77857143","13,31666667","34,20833333","232,2","31,51666667"
2025-03-08,7,0,0,"18,3","32,1",107041,38,333,74,19,"12,97440139","12,29769167",2,6,0,6,11,6,24,"24,64166667","23,66363636","122,95","55,45902778","12,19166667","22,35","121,1416667","40,60833333"
2025-03-09,1,0,0,"13,7","22,5",107041,38,297,94,18,"7988,592394","10,28056667",6,3,0,5,12,10,47,"21,45666667","45,125","321,365","30,52056738","22,48333333","38,95","154,5916667","24,96666667"
2025-03-10,2,0,1,"16,0","23,0",107041,38,470,146,41,"1751,490401","19,97855",20,8,11,15,9,16,61,"106,6944444","38,44259259","119,2541667","31,05846995","13,61666667","33,11666667","108,7666667","25,43333333"
2025-03-11,3,0,1,"16,3","23,3",107041,38,440,126,24,"-19648,80191","10,51845",13,3,8,7,11,18,52,"21,37857143","30,11363636","202,9037037","36,39647436",18,"24,78333333","98,08333333","23,86666667"
2025-03-12,4,0,1,"15,9","22,5",107041,38,419,128,30,"11,00759474","6,35045",9,7,36,5,16,10,58,"12,77666667","34,87083333","132,9983333","47,0591954",8,"25,79166667","96,90833333","43,35"
2025-03-13,5,0,1,"14,0","21,2",107041,38,423,142,29,"13,89781275","10,55183333",12,3,7,13,21,15,61,"23,46282051","34,29285714","163,6711111","63,02978142","19,95",25,"180,65","33,3"
2025-03-14,6,0,1,"14,7","22,0",107041,38,364,118,18,"17,42509778","11,67845",11,10,3,8,19,16,45,"22,2","32,81842105","141,9677083","43,24888889","22,75833333","24,66666667","101,4083333","35,06666667"
2025-03-15,7,0,0,"16,8","23,0",107041,38,325,103,24,"26,65151111","18,36576667",9,7,1,12,23,9,37,"19,18888889","25,8115942","115,2685185","51,51576577","11,925","22,96666667","81,56666667","32,73333333"
2025-03-16,1,0,0,"18,3","25,0",107041,38,353,102,17,"17,68122381","14,405475",2,4,3,8,12,12,52,"17,16666667","148,4263889","205,4388889","41,67147436","15,55833333","25,55","127,6333333","30,88333333"
2025-03-17,2,0,1,"19,5","26,2",107041,38,464,165,31,"112,2248635","13,01008333",8,6,7,9,17,17,81,"17,98333333","39,96568627","221,7127451","42,31584362","15,03333333","36,41666667","114,9833333","30,16666667"
2025-03-18,3,0,1,"20,3","27,0",107041,38,461,141,21,"111,5923974","6,853333333",12,8,21,12,18,13,66,"20,26666667","33,34444444","230,8166667","37,69772727","14,59166667","27,91666667","210,8666667","31,91666667"
2025-03-19,4,0,1,"21,3","29,0",107041,38,442,169,35,"25,42077174","9,747616667",14,10,5,11,26,19,72,"15,98333333","92,40641026","197,5666667","41,86990741","12,76666667","26,375","137,7666667","37,725"
2025-03-20,5,0,1,"21,1","29,7",107041,38,441,150,38,"87,11035309","13,73278333",9,7,39,11,17,10,58,"13,93333333","35,38137255","225,1033333","45,05201149","11,46666667","27,43333333","172,1666667","27,075"
2025-03-21,6,0,1,"22,4","29,0",107041,38,425,132,14,"12,15406667","10,55088333",5,6,0,5,17,23,64,"14,21333333","34,97254902","152,4884058","37,24817708","12,28333333","35,43333333","69,8","25,7"
2025-03-22,7,0,0,"23,4","29,6",107041,38,357,87,13,"21,55077639","12,889525",6,5,2,3,13,11,42,"10,95","35,13846154","276,9969697","40,44087302","11,93333333","33,06666667","209,9666667","28,15"
2025-03-23,1,0,0,"18,8","27,6",107041,38,314,84,17,"17,73432222","13,6893",4,7,2,11,18,10,29,"18,78484848","27,8537037","215,315","26,6091954","18,75","26,64166667","229,0083333","16,11666667"
2025-03-24,2,1,0,"18,6","24,2",107041,38,329,124,18,"24,25036026","19,02205",3,7,16,14,18,15,58,"12,80238095","38,42407407","79,03","21,11034483","12,45","31,40833333","58,63333333","17,775"
2025-03-25,3,0,1,"16,8","24,9",107041,38,526,156,31,"69,01648182","13,243425",17,8,29,15,19,13,59,"15,51555556","29,42280702","202,3666667","34,47627119","13,41666667","28,73333333","165,15","25,53333333"
2025-03-26,4,0,1,"18,3","24,3",107041,38,433,132,17,"14,0243037","10,81828333",12,13,4,8,20,13,61,"16,31875","41,08083333","140,4038462","38,66311475","15,325","32,1","151,3333333","26,1"
2025-03-27,5,0,1,"20,1","27,0",107041,38,412,140,18,"13,15875889","12,81023333",15,3,10,8,18,17,64,"22,80416667","34,53611111","195,6264706","51,12604167","10,16666667","29,26666667","172,9666667","42,39166667"
2025-03-28,6,0,1,"21,0","26,7",107041,38,404,160,36,"159,5741587","8,564616667",8,2,5,14,17,11,55,"16,08095238","35,05294118","162,7530303","49,27848485",15,"28,16666667","161,8166667","25,95"
2025-03-29,7,0,0,"17,8","26,2",107041,38,353,118,20,"27,23318205","15,11505",1,8,2,11,21,6,56,"14,9530303","37,23888889","92,68055556","35,4547619","14,66666667","33,58333333","96,50833333","31,40833333"
2025-03-30,1,0,0,"21,0","29,0",107041,38,334,95,21,"21,94268854","17,151225",9,7,1,9,17,7,41,"338,8296296","33,85392157","267,4833333","56,1004065","26,18333333",27,"183,4166667","35,66666667"
2025-03-31,2,0,1,"14,0","28,9",107041,38,505,153,31,"-6948,157331","5,603391667",11,15,5,5,22,18,71,"44,55","32,30378788","166,8101852","43,20798122","23,33333333","23,88333333","135,3666667","33,75"